accordion,image_0001.jpg,0.353093,2606.000000
accordion,image_0002.jpg,0.094806,2611.000000
accordion,image_0003.jpg,0.109620,2612.000000
accordion,image_0004.jpg,0.633573,2610.000000
accordion,image_0005.jpg,0.197906,2620.000000
accordion,image_0006.jpg,0.670567,2629.000000
accordion,image_0007.jpg,0.304425,2605.000000
accordion,image_0008.jpg,0.105918,2613.000000
accordion,image_0009.jpg,0.115992,2609.000000
accordion,image_0010.jpg,0.288113,2600.000000
accordion,image_0011.jpg,0.395323,2614.000000
accordion,image_0012.jpg,0.102422,2447.000000
accordion,image_0013.jpg,0.538583,2415.000000
accordion,image_0014.jpg,0.008034,2423.000000
accordion,image_0015.jpg,0.222963,2411.000000
accordion,image_0016.jpg,0.956235,2413.000000
accordion,image_0017.jpg,0.374388,2423.000000
accordion,image_0018.jpg,0.030161,2406.000000
accordion,image_0019.jpg,0.896368,2416.000000
accordion,image_0020.jpg,0.381205,2419.000000
accordion,image_0021.jpg,0.071875,2409.000000
accordion,image_0022.jpg,0.020139,2412.000000
accordion,image_0023.jpg,0.026041,2419.000000
accordion,image_0024.jpg,0.030164,2420.000000
accordion,image_0025.jpg,0.380728,2442.000000
accordion,image_0026.jpg,0.166450,2422.000000
accordion,image_0027.jpg,0.851491,2412.000000
accordion,image_0028.jpg,0.437728,2413.000000
accordion,image_0029.jpg,0.038092,2418.000000
accordion,image_0030.jpg,0.036725,2421.000000
accordion,image_0031.jpg,0.158991,2412.000000
accordion,image_0032.jpg,0.600680,2411.000000
accordion,image_0033.jpg,0.952850,2411.000000
accordion,image_0034.jpg,0.135684,2403.000000
accordion,image_0035.jpg,0.179059,2408.000000
accordion,image_0036.jpg,0.114809,2421.000000
accordion,image_0037.jpg,0.063331,2410.000000
accordion,image_0038.jpg,0.119265,2417.000000
accordion,image_0039.jpg,0.025268,2413.000000
accordion,image_0040.jpg,0.001182,2414.000000
accordion,image_0041.jpg,0.932381,2422.000000
accordion,image_0042.jpg,0.192125,2422.000000
accordion,image_0043.jpg,0.165113,2409.000000
accordion,image_0044.jpg,0.046119,2424.000000
accordion,image_0045.jpg,0.049333,2404.000000
accordion,image_0046.jpg,0.093680,2407.000000
accordion,image_0047.jpg,0.078919,2413.000000
accordion,image_0048.jpg,0.153373,2475.000000
accordion,image_0049.jpg,0.249530,2422.000000
accordion,image_0050.jpg,0.132103,2418.000000
accordion,image_0051.jpg,0.090045,2414.000000
accordion,image_0052.jpg,0.970675,2419.000000
accordion,image_0053.jpg,0.865201,2405.000000
accordion,image_0054.jpg,0.278959,2405.000000
accordion,image_0055.jpg,0.266997,2420.000000
ant,image_0001.jpg,0.087280,2421.000000
ant,image_0002.jpg,0.031996,2413.000000
ant,image_0003.jpg,0.000245,2421.000000
ant,image_0004.jpg,0.275389,2406.000000
ant,image_0005.jpg,0.005771,2412.000000
ant,image_0006.jpg,0.015710,2405.000000
ant,image_0007.jpg,0.135538,2420.000000
ant,image_0008.jpg,0.022537,2419.000000
ant,image_0009.jpg,0.007075,2422.000000
ant,image_0010.jpg,0.041912,2415.000000
ant,image_0011.jpg,0.000318,2421.000000
ant,image_0012.jpg,0.162327,2404.000000
ant,image_0013.jpg,0.002064,2425.000000
ant,image_0014.jpg,0.005301,2414.000000
ant,image_0015.jpg,0.000814,2417.000000
ant,image_0016.jpg,0.009478,2406.000000
ant,image_0017.jpg,0.000031,2413.000000
ant,image_0018.jpg,0.010055,2413.000000
ant,image_0019.jpg,0.137022,2417.000000
ant,image_0020.jpg,0.083910,2409.000000
ant,image_0021.jpg,0.005851,2413.000000
ant,image_0022.jpg,0.000951,2418.000000
ant,image_0023.jpg,0.003605,2408.000000
ant,image_0024.jpg,0.122530,2419.000000
ant,image_0025.jpg,0.075675,2414.000000
ant,image_0026.jpg,0.000055,2417.000000
ant,image_0027.jpg,0.000724,2413.000000
ant,image_0028.jpg,0.169426,2410.000000
ant,image_0029.jpg,0.047263,2424.000000
ant,image_0030.jpg,0.211346,2414.000000
ant,image_0031.jpg,0.011857,2451.000000
ant,image_0032.jpg,0.003638,2421.000000
ant,image_0033.jpg,0.499967,2416.000000
ant,image_0034.jpg,0.001993,2422.000000
ant,image_0035.jpg,0.041122,2414.000000
ant,image_0036.jpg,0.009423,2413.000000
ant,image_0037.jpg,0.091027,2414.000000
ant,image_0038.jpg,0.006129,2409.000000
ant,image_0039.jpg,0.003059,2410.000000
ant,image_0040.jpg,0.044611,2412.000000
ant,image_0041.jpg,0.331127,2433.000000
ant,image_0042.jpg,0.028179,2424.000000
barrel,image_0001.jpg,0.166328,2415.000000
barrel,image_0002.jpg,0.455334,2422.000000
barrel,image_0003.jpg,0.002046,2422.000000
barrel,image_0004.jpg,0.016817,2414.000000
barrel,image_0005.jpg,0.016958,2421.000000
barrel,image_0006.jpg,0.080099,2411.000000
barrel,image_0007.jpg,0.115546,2420.000000
barrel,image_0008.jpg,0.792885,2424.000000
barrel,image_0009.jpg,0.017109,2412.000000
barrel,image_0010.jpg,0.077282,2401.000000
barrel,image_0011.jpg,0.106585,2421.000000
barrel,image_0012.jpg,0.129518,2413.000000
barrel,image_0013.jpg,0.356064,2417.000000
barrel,image_0014.jpg,0.653129,2424.000000
barrel,image_0015.jpg,0.070633,2421.000000
barrel,image_0016.jpg,0.007291,2420.000000
barrel,image_0017.jpg,0.578773,2425.000000
barrel,image_0018.jpg,0.016666,2427.000000
barrel,image_0019.jpg,0.525567,2411.000000
barrel,image_0020.jpg,0.588658,2424.000000
barrel,image_0021.jpg,0.000093,2405.000000
barrel,image_0022.jpg,0.240431,2411.000000
barrel,image_0023.jpg,0.236940,2413.000000
barrel,image_0024.jpg,0.158968,2404.000000
barrel,image_0025.jpg,0.487401,2424.000000
barrel,image_0026.jpg,0.160756,2407.000000
barrel,image_0027.jpg,0.131318,2410.000000
barrel,image_0028.jpg,0.439834,2410.000000
barrel,image_0029.jpg,0.000290,2412.000000
barrel,image_0030.jpg,0.030831,2425.000000
barrel,image_0031.jpg,0.854339,2425.000000
barrel,image_0032.jpg,0.125999,2422.000000
barrel,image_0033.jpg,0.002691,2412.000000
barrel,image_0034.jpg,0.256615,2414.000000
barrel,image_0035.jpg,0.424543,2416.000000
barrel,image_0036.jpg,0.262788,2416.000000
barrel,image_0037.jpg,0.122048,2414.000000
barrel,image_0038.jpg,0.059847,2419.000000
barrel,image_0039.jpg,0.100479,2412.000000
barrel,image_0040.jpg,0.503759,2420.000000
barrel,image_0041.jpg,0.018527,2403.000000
barrel,image_0042.jpg,0.007107,2416.000000
barrel,image_0043.jpg,0.120069,2423.000000
barrel,image_0044.jpg,0.036778,2421.000000
barrel,image_0045.jpg,0.004711,2412.000000
barrel,image_0046.jpg,0.704788,2421.000000
barrel,image_0047.jpg,0.643090,2419.000000
beaver,image_0001.jpg,0.000106,2620.000000
beaver,image_0002.jpg,0.738705,2596.000000
beaver,image_0003.jpg,0.209698,2599.000000
beaver,image_0004.jpg,0.135969,2613.000000
beaver,image_0005.jpg,0.109655,2626.000000
beaver,image_0006.jpg,0.005892,2602.000000
beaver,image_0007.jpg,0.893729,2624.000000
beaver,image_0008.jpg,0.001179,2613.000000
beaver,image_0009.jpg,0.344467,2625.000000
beaver,image_0010.jpg,0.882105,2624.000000
beaver,image_0011.jpg,0.024544,2599.000000
beaver,image_0012.jpg,0.000425,2624.000000
beaver,image_0013.jpg,0.028148,2612.000000
beaver,image_0014.jpg,0.434593,2627.000000
beaver,image_0015.jpg,0.265016,2603.000000
beaver,image_0016.jpg,0.477569,2601.000000
beaver,image_0017.jpg,0.319001,2615.000000
beaver,image_0018.jpg,0.055313,2611.000000
beaver,image_0019.jpg,0.000154,2627.000000
beaver,image_0020.jpg,0.005910,2610.000000
beaver,image_0021.jpg,0.033232,2621.000000
beaver,image_0022.jpg,0.229259,2603.000000
beaver,image_0023.jpg,0.112988,2613.000000
beaver,image_0024.jpg,0.009588,2610.000000
beaver,image_0025.jpg,0.307513,2615.000000
beaver,image_0026.jpg,0.336817,2622.000000
beaver,image_0027.jpg,0.057109,2612.000000
beaver,image_0028.jpg,0.337409,2602.000000
beaver,image_0029.jpg,0.831206,2603.000000
beaver,image_0030.jpg,0.976950,2602.000000
beaver,image_0031.jpg,0.231361,2616.000000
beaver,image_0032.jpg,0.077861,2612.000000
beaver,image_0033.jpg,0.057077,2620.000000
beaver,image_0034.jpg,0.189203,2614.000000
beaver,image_0035.jpg,0.105161,2609.000000
beaver,image_0036.jpg,0.136186,2601.000000
beaver,image_0037.jpg,0.516377,2614.000000
beaver,image_0038.jpg,0.000095,2618.000000
beaver,image_0039.jpg,0.001572,2609.000000
beaver,image_0040.jpg,0.174713,2626.000000
beaver,image_0041.jpg,0.000023,2611.000000
beaver,image_0042.jpg,0.001854,2620.000000
beaver,image_0043.jpg,0.001609,2657.000000
beaver,image_0044.jpg,0.588639,2611.000000
beaver,image_0045.jpg,0.010288,2609.000000
beaver,image_0046.jpg,0.058164,2608.000000
binoculars,image_0001.jpg,0.388904,2417.000000
binoculars,image_0002.jpg,0.666064,2429.000000
binoculars,image_0003.jpg,0.023837,2406.000000
binoculars,image_0004.jpg,0.002588,2421.000000
binoculars,image_0005.jpg,0.349445,2420.000000
binoculars,image_0006.jpg,0.029539,2419.000000
binoculars,image_0007.jpg,0.288655,2408.000000
binoculars,image_0008.jpg,0.002764,2410.000000
binoculars,image_0009.jpg,0.060051,2413.000000
binoculars,image_0010.jpg,0.633591,2412.000000
binoculars,image_0011.jpg,0.037672,2414.000000
binoculars,image_0012.jpg,0.051510,2410.000000
binoculars,image_0013.jpg,0.604729,2421.000000
binoculars,image_0014.jpg,0.464783,2420.000000
binoculars,image_0015.jpg,0.984669,2411.000000
binoculars,image_0016.jpg,0.012082,2410.000000
binoculars,image_0017.jpg,0.064130,2423.000000
binoculars,image_0018.jpg,0.019186,2423.000000
binoculars,image_0019.jpg,0.167506,2419.000000
binoculars,image_0020.jpg,0.727670,2424.000000
binoculars,image_0021.jpg,0.191129,2412.000000
binoculars,image_0022.jpg,0.021561,2411.000000
binoculars,image_0023.jpg,0.593828,2423.000000
binoculars,image_0024.jpg,0.693100,2415.000000
binoculars,image_0025.jpg,0.000435,2414.000000
binoculars,image_0026.jpg,0.020856,2412.000000
binoculars,image_0027.jpg,0.189100,2423.000000
binoculars,image_0028.jpg,0.122645,2412.000000
binoculars,image_0029.jpg,0.284724,2403.000000
binoculars,image_0030.jpg,0.737922,2400.000000
binoculars,image_0031.jpg,0.101544,2409.000000
binoculars,image_0032.jpg,0.057581,2423.000000
binoculars,image_0033.jpg,0.168133,2418.000000
cannon,image_0001.jpg,0.011761,2407.000000
cannon,image_0002.jpg,0.000152,2416.000000
cannon,image_0003.jpg,0.005908,2412.000000
cannon,image_0004.jpg,0.032835,2411.000000
cannon,image_0005.jpg,0.533850,2418.000000
cannon,image_0006.jpg,0.590786,2416.000000
cannon,image_0007.jpg,0.000640,2406.000000
cannon,image_0008.jpg,0.080909,2424.000000
cannon,image_0009.jpg,0.220110,2431.000000
cannon,image_0010.jpg,0.043592,2425.000000
cannon,image_0011.jpg,0.559641,2425.000000
cannon,image_0012.jpg,0.108591,2421.000000
cannon,image_0013.jpg,0.000244,2408.000000
cannon,image_0014.jpg,0.275229,2411.000000
cannon,image_0015.jpg,0.817457,2418.000000
cannon,image_0016.jpg,0.052423,2426.000000
cannon,image_0017.jpg,0.005359,2417.000000
cannon,image_0018.jpg,0.412591,2477.000000
cannon,image_0019.jpg,0.959135,2418.000000
cannon,image_0020.jpg,0.825211,2410.000000
cannon,image_0021.jpg,0.006408,2416.000000
cannon,image_0022.jpg,0.001671,2412.000000
cannon,image_0023.jpg,0.155016,2419.000000
cannon,image_0024.jpg,0.044375,2426.000000
cannon,image_0025.jpg,0.281571,2418.000000
cannon,image_0026.jpg,0.602261,2415.000000
cannon,image_0027.jpg,0.106789,2427.000000
cannon,image_0028.jpg,0.217122,2414.000000
cannon,image_0029.jpg,0.000350,2424.000000
cannon,image_0030.jpg,0.021808,2427.000000
cannon,image_0031.jpg,0.146366,2419.000000
cannon,image_0032.jpg,0.002954,2414.000000
cannon,image_0033.jpg,0.162886,2426.000000
cannon,image_0034.jpg,0.289849,2424.000000
cannon,image_0035.jpg,0.052319,2414.000000
cannon,image_0036.jpg,0.000319,2429.000000
cannon,image_0037.jpg,0.000636,2416.000000
cannon,image_0038.jpg,0.742450,2415.000000
cannon,image_0039.jpg,0.496089,2427.000000
cannon,image_0040.jpg,0.281341,2427.000000
cannon,image_0041.jpg,0.155593,2424.000000
cannon,image_0042.jpg,0.221484,2411.000000
cannon,image_0043.jpg,0.814452,2408.000000
crayfish,image_0001.jpg,0.002282,2433.000000
crayfish,image_0002.jpg,0.095425,2420.000000
crayfish,image_0003.jpg,0.090548,2429.000000
crayfish,image_0004.jpg,0.015133,2416.000000
crayfish,image_0005.jpg,0.034472,2426.000000
crayfish,image_0006.jpg,0.007985,2419.000000
crayfish,image_0007.jpg,0.014252,2418.000000
crayfish,image_0008.jpg,0.001623,2436.000000
crayfish,image_0009.jpg,0.005792,2433.000000
crayfish,image_0010.jpg,0.005023,2432.000000
crayfish,image_0011.jpg,0.000155,2411.000000
crayfish,image_0012.jpg,0.000128,2424.000000
crayfish,image_0013.jpg,0.062129,2421.000000
crayfish,image_0014.jpg,0.008051,2417.000000
crayfish,image_0015.jpg,0.143761,2436.000000
crayfish,image_0016.jpg,0.014164,2421.000000
crayfish,image_0017.jpg,0.047275,2421.000000
crayfish,image_0018.jpg,0.058939,2432.000000
crayfish,image_0019.jpg,0.002110,2419.000000
crayfish,image_0020.jpg,0.000753,2431.000000
crayfish,image_0021.jpg,0.025706,2420.000000
crayfish,image_0022.jpg,0.007774,2432.000000
crayfish,image_0023.jpg,0.002703,2436.000000
crayfish,image_0024.jpg,0.002144,2416.000000
crayfish,image_0025.jpg,0.033910,2429.000000
crayfish,image_0026.jpg,0.003846,2420.000000
crayfish,image_0027.jpg,0.012605,2420.000000
crayfish,image_0028.jpg,0.001594,2428.000000
crayfish,image_0029.jpg,0.001415,2412.000000
crayfish,image_0030.jpg,0.019248,2420.000000
crayfish,image_0031.jpg,0.024703,2427.000000
crayfish,image_0032.jpg,0.027731,2438.000000
crayfish,image_0033.jpg,0.015981,2430.000000
crayfish,image_0034.jpg,0.006983,2415.000000
crayfish,image_0035.jpg,0.002770,2420.000000
crayfish,image_0036.jpg,0.079009,2421.000000
crayfish,image_0037.jpg,0.009497,2420.000000
crayfish,image_0038.jpg,0.000196,2425.000000
crayfish,image_0039.jpg,0.051439,2435.000000
crayfish,image_0040.jpg,0.002304,2418.000000
crayfish,image_0041.jpg,0.000052,2433.000000
crayfish,image_0042.jpg,0.175495,2432.000000
crayfish,image_0043.jpg,0.030358,2419.000000
crayfish,image_0044.jpg,0.000031,2416.000000
crayfish,image_0045.jpg,0.000694,2435.000000
crayfish,image_0046.jpg,0.002248,2429.000000
crayfish,image_0047.jpg,0.035913,2411.000000
crayfish,image_0048.jpg,0.005465,2434.000000
crayfish,image_0049.jpg,0.252895,2424.000000
crayfish,image_0050.jpg,0.204345,2427.000000
crayfish,image_0051.jpg,0.000024,2435.000000
crayfish,image_0052.jpg,0.023036,2425.000000
crayfish,image_0053.jpg,0.001489,2419.000000
crayfish,image_0054.jpg,0.002086,2474.000000
crayfish,image_0055.jpg,0.004253,2413.000000
crayfish,image_0056.jpg,0.012712,2427.000000
crayfish,image_0057.jpg,0.028700,2424.000000
crayfish,image_0058.jpg,0.000172,2420.000000
crayfish,image_0059.jpg,0.003006,2431.000000
crayfish,image_0060.jpg,0.000249,2429.000000
crayfish,image_0061.jpg,0.029860,2431.000000
crayfish,image_0062.jpg,0.012642,2426.000000
crayfish,image_0063.jpg,0.002366,2412.000000
crayfish,image_0064.jpg,0.003879,2422.000000
crayfish,image_0065.jpg,0.026547,2424.000000
crayfish,image_0066.jpg,0.016100,2428.000000
crayfish,image_0067.jpg,0.106987,2419.000000
crayfish,image_0068.jpg,0.002263,2429.000000
crayfish,image_0069.jpg,0.146326,2419.000000
crayfish,image_0070.jpg,0.000966,2428.000000
cup,image_0001.jpg,0.969453,2418.000000
cup,image_0002.jpg,0.059176,2430.000000
cup,image_0003.jpg,0.091285,2417.000000
cup,image_0004.jpg,0.010129,2423.000000
cup,image_0005.jpg,0.166022,2437.000000
cup,image_0006.jpg,0.157110,2433.000000
cup,image_0007.jpg,0.053055,2422.000000
cup,image_0008.jpg,0.086532,2413.000000
cup,image_0009.jpg,0.002192,2415.000000
cup,image_0010.jpg,0.264803,2431.000000
cup,image_0011.jpg,0.000884,2421.000000
cup,image_0012.jpg,0.202006,2422.000000
cup,image_0013.jpg,0.036583,2434.000000
cup,image_0014.jpg,0.016460,2435.000000
cup,image_0015.jpg,0.011753,2420.000000
cup,image_0016.jpg,0.053559,2431.000000
cup,image_0017.jpg,0.121212,2438.000000
cup,image_0018.jpg,0.089712,2431.000000
cup,image_0019.jpg,0.037079,2427.000000
cup,image_0020.jpg,0.022170,2431.000000
cup,image_0021.jpg,0.005799,2414.000000
cup,image_0022.jpg,0.002033,2421.000000
cup,image_0023.jpg,0.073702,2435.000000
cup,image_0024.jpg,0.000895,2432.000000
cup,image_0025.jpg,0.008316,2422.000000
cup,image_0026.jpg,0.369222,2433.000000
cup,image_0027.jpg,0.361380,2435.000000
cup,image_0028.jpg,0.009966,2414.000000
cup,image_0029.jpg,0.006380,2422.000000
cup,image_0030.jpg,0.119974,2432.000000
cup,image_0031.jpg,0.038825,2432.000000
cup,image_0032.jpg,0.014720,2423.000000
cup,image_0033.jpg,0.004359,2436.000000
cup,image_0034.jpg,0.001145,2411.000000
cup,image_0035.jpg,0.014426,2433.000000
cup,image_0036.jpg,0.037615,2419.000000
cup,image_0037.jpg,0.000158,2428.000000
cup,image_0038.jpg,0.004637,2423.000000
cup,image_0039.jpg,0.051663,2440.000000
cup,image_0040.jpg,0.368302,2420.000000
cup,image_0041.jpg,0.010113,2424.000000
cup,image_0042.jpg,0.025280,2428.000000
cup,image_0043.jpg,0.021821,2429.000000
cup,image_0044.jpg,0.086134,2431.000000
cup,image_0045.jpg,0.133489,2419.000000
cup,image_0046.jpg,0.045633,2430.000000
cup,image_0047.jpg,0.020197,2436.000000
cup,image_0048.jpg,0.000039,2416.000000
cup,image_0049.jpg,0.005728,2415.000000
cup,image_0050.jpg,0.081799,2413.000000
cup,image_0051.jpg,0.113468,2426.000000
cup,image_0052.jpg,0.000851,2411.000000
cup,image_0053.jpg,0.060052,2428.000000
cup,image_0054.jpg,0.009711,2433.000000
cup,image_0055.jpg,0.008930,2433.000000
cup,image_0056.jpg,0.647584,2416.000000
cup,image_0057.jpg,0.002975,2426.000000
dalmatian,image_0001.jpg,0.791004,2428.000000
dalmatian,image_0002.jpg,0.891133,2434.000000
dalmatian,image_0003.jpg,0.858068,2424.000000
dalmatian,image_0004.jpg,0.692577,2420.000000
dalmatian,image_0005.jpg,0.948588,2420.000000
dalmatian,image_0006.jpg,0.984895,2429.000000
dalmatian,image_0007.jpg,0.909674,2413.000000
dalmatian,image_0008.jpg,0.889032,2421.000000
dalmatian,image_0009.jpg,0.995383,2434.000000
dalmatian,image_0010.jpg,0.257912,2409.000000
dalmatian,image_0011.jpg,0.375421,2432.000000
dalmatian,image_0012.jpg,0.850271,2423.000000
dalmatian,image_0013.jpg,0.983700,2431.000000
dalmatian,image_0014.jpg,0.996334,2435.000000
dalmatian,image_0015.jpg,0.554951,2417.000000
dalmatian,image_0016.jpg,0.996277,2430.000000
dalmatian,image_0017.jpg,0.838749,2418.000000
dalmatian,image_0018.jpg,0.061720,2431.000000
dalmatian,image_0019.jpg,0.284928,2420.000000
dalmatian,image_0020.jpg,0.962602,2416.000000
dalmatian,image_0021.jpg,0.994184,2417.000000
dalmatian,image_0022.jpg,0.900189,2425.000000
dalmatian,image_0023.jpg,0.866523,2420.000000
dalmatian,image_0024.jpg,0.348819,2425.000000
dalmatian,image_0025.jpg,0.949003,2422.000000
dalmatian,image_0026.jpg,0.144673,2428.000000
dalmatian,image_0027.jpg,0.497678,2420.000000
dalmatian,image_0028.jpg,0.456885,2422.000000
dalmatian,image_0029.jpg,0.828670,2422.000000
dalmatian,image_0030.jpg,0.684123,2426.000000
dalmatian,image_0031.jpg,0.448962,2419.000000
dalmatian,image_0032.jpg,0.840270,2428.000000
dalmatian,image_0033.jpg,0.385291,2420.000000
dalmatian,image_0034.jpg,0.977480,2429.000000
dalmatian,image_0035.jpg,0.907269,2423.000000
dalmatian,image_0036.jpg,0.285594,2435.000000
dalmatian,image_0037.jpg,0.933655,2410.000000
dalmatian,image_0038.jpg,0.608204,2422.000000
dalmatian,image_0039.jpg,0.866156,2431.000000
dalmatian,image_0040.jpg,0.986127,2411.000000
dalmatian,image_0041.jpg,0.944763,2429.000000
dalmatian,image_0042.jpg,0.888376,2422.000000
dalmatian,image_0043.jpg,0.986667,2433.000000
dalmatian,image_0044.jpg,0.951876,2430.000000
dalmatian,image_0045.jpg,0.580892,2430.000000
dalmatian,image_0046.jpg,0.988856,2427.000000
dalmatian,image_0047.jpg,0.157599,2423.000000
dalmatian,image_0048.jpg,0.312432,2434.000000
dalmatian,image_0049.jpg,0.812903,2419.000000
dalmatian,image_0050.jpg,0.996876,2436.000000
dalmatian,image_0051.jpg,0.748445,2421.000000
dalmatian,image_0052.jpg,0.067060,2431.000000
dalmatian,image_0053.jpg,0.984486,2433.000000
dalmatian,image_0054.jpg,0.944606,2424.000000
dalmatian,image_0055.jpg,0.755160,2413.000000
dalmatian,image_0056.jpg,0.962065,2434.000000
dalmatian,image_0057.jpg,0.533615,2415.000000
dalmatian,image_0058.jpg,0.016298,2413.000000
dalmatian,image_0059.jpg,0.932049,2426.000000
dalmatian,image_0060.jpg,0.796476,2416.000000
dalmatian,image_0061.jpg,0.961446,2426.000000
dalmatian,image_0062.jpg,0.962199,2422.000000
dalmatian,image_0063.jpg,0.403711,2418.000000
dalmatian,image_0064.jpg,0.159613,2417.000000
dalmatian,image_0065.jpg,0.281403,2433.000000
dalmatian,image_0066.jpg,0.285956,2424.000000
dalmatian,image_0067.jpg,0.849859,2473.000000
dragonfly,image_0001.jpg,0.007199,2423.000000
dragonfly,image_0002.jpg,0.049253,2417.000000
dragonfly,image_0003.jpg,0.153408,2433.000000
dragonfly,image_0004.jpg,0.000297,2433.000000
dragonfly,image_0005.jpg,0.011994,2415.000000
dragonfly,image_0006.jpg,0.001079,2417.000000
dragonfly,image_0007.jpg,0.077431,2422.000000
dragonfly,image_0008.jpg,0.006069,2419.000000
dragonfly,image_0009.jpg,0.005054,2406.000000
dragonfly,image_0010.jpg,0.465904,2418.000000
dragonfly,image_0011.jpg,0.105810,2433.000000
dragonfly,image_0012.jpg,0.475675,2414.000000
dragonfly,image_0013.jpg,0.770315,2432.000000
dragonfly,image_0014.jpg,0.803572,2428.000000
dragonfly,image_0015.jpg,0.055530,2425.000000
dragonfly,image_0016.jpg,0.023909,2412.000000
dragonfly,image_0017.jpg,0.041345,2426.000000
dragonfly,image_0018.jpg,0.021794,2421.000000
dragonfly,image_0019.jpg,0.003254,2417.000000
dragonfly,image_0020.jpg,0.033712,2416.000000
dragonfly,image_0021.jpg,0.532403,2435.000000
dragonfly,image_0022.jpg,0.005144,2418.000000
dragonfly,image_0023.jpg,0.016124,2420.000000
dragonfly,image_0024.jpg,0.008562,2419.000000
dragonfly,image_0025.jpg,0.007356,2411.000000
dragonfly,image_0026.jpg,0.000052,2417.000000
dragonfly,image_0027.jpg,0.432636,2419.000000
dragonfly,image_0028.jpg,0.235561,2429.000000
dragonfly,image_0029.jpg,0.000022,2432.000000
dragonfly,image_0030.jpg,0.552903,2435.000000
dragonfly,image_0031.jpg,0.012084,2419.000000
dragonfly,image_0032.jpg,0.001977,2433.000000
dragonfly,image_0033.jpg,0.000111,2423.000000
dragonfly,image_0034.jpg,0.110629,2429.000000
dragonfly,image_0035.jpg,0.370516,2458.000000
dragonfly,image_0036.jpg,0.008630,2414.000000
dragonfly,image_0037.jpg,0.202024,2433.000000
dragonfly,image_0038.jpg,0.021784,2417.000000
dragonfly,image_0039.jpg,0.033939,2420.000000
dragonfly,image_0040.jpg,0.312261,2426.000000
dragonfly,image_0041.jpg,0.023386,2433.000000
dragonfly,image_0042.jpg,0.478737,2431.000000
dragonfly,image_0043.jpg,0.001384,2425.000000
dragonfly,image_0044.jpg,0.067288,2431.000000
dragonfly,image_0045.jpg,0.002990,2412.000000
dragonfly,image_0046.jpg,0.050963,2434.000000
dragonfly,image_0047.jpg,0.000124,2421.000000
dragonfly,image_0048.jpg,0.308541,2420.000000
dragonfly,image_0049.jpg,0.000967,2423.000000
dragonfly,image_0050.jpg,0.715266,2421.000000
dragonfly,image_0051.jpg,0.000179,2433.000000
dragonfly,image_0052.jpg,0.100077,2426.000000
dragonfly,image_0053.jpg,0.003232,2415.000000
dragonfly,image_0054.jpg,0.001109,2432.000000
dragonfly,image_0055.jpg,0.416881,2426.000000
dragonfly,image_0056.jpg,0.485408,2431.000000
dragonfly,image_0057.jpg,0.650229,2426.000000
dragonfly,image_0058.jpg,0.854067,2414.000000
dragonfly,image_0059.jpg,0.002197,2431.000000
dragonfly,image_0060.jpg,0.225276,2417.000000
dragonfly,image_0061.jpg,0.335840,2436.000000
dragonfly,image_0062.jpg,0.271313,2421.000000
dragonfly,image_0063.jpg,0.004998,2420.000000
dragonfly,image_0064.jpg,0.673566,2428.000000
dragonfly,image_0065.jpg,0.068497,2431.000000
dragonfly,image_0066.jpg,0.211872,2431.000000
dragonfly,image_0067.jpg,0.401152,2419.000000
dragonfly,image_0068.jpg,0.100466,2435.000000
pitcher,image_0001.jpg,0.760667,2433.000000
pitcher,image_0002.jpg,0.000484,2432.000000
pitcher,image_0003.jpg,0.063639,2431.000000
pitcher,image_0004.jpg,0.434521,2415.000000
pitcher,image_0005.jpg,0.269318,2415.000000
pitcher,image_0006.jpg,0.002710,2418.000000
pitcher,image_0007.jpg,0.048393,2419.000000
pitcher,image_0008.jpg,0.263236,2423.000000
pitcher,image_0009.jpg,0.352694,2430.000000
pitcher,image_0010.jpg,0.254866,2419.000000
pitcher,image_0011.jpg,0.256026,2433.000000
pitcher,image_0012.jpg,0.205481,2430.000000
pitcher,image_0013.jpg,0.645728,2423.000000
pitcher,image_0014.jpg,0.556070,2432.000000
pitcher,image_0015.jpg,0.132683,2419.000000
pitcher,image_0016.jpg,0.118778,2427.000000
pitcher,image_0017.jpg,0.039550,2468.000000
pitcher,image_0018.jpg,0.469742,2426.000000
pitcher,image_0019.jpg,0.501100,2418.000000
pitcher,image_0020.jpg,0.058854,2410.000000
pitcher,image_0021.jpg,0.763513,2432.000000
pitcher,image_0022.jpg,0.564498,2428.000000
pitcher,image_0023.jpg,0.180929,2434.000000
pitcher,image_0024.jpg,0.276156,2420.000000
pitcher,image_0025.jpg,0.273261,2409.000000
pitcher,image_0026.jpg,0.518883,2416.000000
pitcher,image_0027.jpg,0.556336,2413.000000
pitcher,image_0028.jpg,0.577360,2432.000000
pitcher,image_0029.jpg,0.397028,2416.000000
pitcher,image_0030.jpg,0.361277,2408.000000
pitcher,image_0031.jpg,0.718896,2433.000000
pitcher,image_0032.jpg,0.722216,2426.000000
pitcher,image_0033.jpg,0.373874,2420.000000
pitcher,image_0034.jpg,0.558778,2437.000000
pitcher,image_0035.jpg,0.170969,2430.000000
pitcher,image_0036.jpg,0.771522,2428.000000
pitcher,image_0037.jpg,0.906115,2418.000000
pitcher,image_0038.jpg,0.973397,2421.000000
pitcher,image_0039.jpg,0.495184,2429.000000
pitcher,image_0040.jpg,0.889979,2430.000000
pitcher,image_0041.jpg,0.264851,2434.000000
pitcher,image_0042.jpg,0.047511,2430.000000
pitcher,image_0043.jpg,0.750431,2433.000000
pitcher,image_0044.jpg,0.611411,2420.000000
pitcher,image_0045.jpg,0.288774,2431.000000
pitcher,image_0046.jpg,0.183802,2415.000000
pitcher,image_0047.jpg,0.573930,2430.000000
pitcher,image_0048.jpg,0.687155,2434.000000
pitcher,image_0049.jpg,0.243189,2419.000000
pitcher,image_0050.jpg,0.626633,2421.000000
pitcher,image_0051.jpg,0.188833,2423.000000
pitcher,image_0052.jpg,0.407312,2415.000000
pitcher,image_0053.jpg,0.603437,2414.000000
pitcher,image_0054.jpg,0.714720,2419.000000
pitcher,image_0055.jpg,0.313099,2432.000000
pitcher,image_0056.jpg,0.391695,2429.000000
pitcher,image_0057.jpg,0.496320,2431.000000
pitcher,image_0058.jpg,0.766046,2435.000000
pitcher,image_0059.jpg,0.155646,2426.000000
pitcher,image_0060.jpg,0.239292,2429.000000
pitcher,image_0061.jpg,0.052440,2411.000000
pitcher,image_0062.jpg,0.460959,2422.000000
pitcher,image_0063.jpg,0.270432,2430.000000
pitcher,image_0064.jpg,0.826444,2417.000000
pitcher,image_0065.jpg,0.171054,2413.000000
pitcher,image_0066.jpg,0.165914,2434.000000
pitcher,image_0067.jpg,0.429987,2421.000000
pitcher,image_0068.jpg,0.071947,2427.000000
pitcher,image_0069.jpg,0.862632,2424.000000
pitcher,image_0070.jpg,0.527674,2419.000000
pitcher,image_0071.jpg,0.016914,2428.000000
pitcher,image_0072.jpg,0.154834,2425.000000
pitcher,image_0073.jpg,0.840163,2419.000000
pitcher,image_0074.jpg,0.752556,2436.000000
pitcher,image_0075.jpg,0.380118,2428.000000
pitcher,image_0076.jpg,0.357886,2427.000000
pitcher,image_0077.jpg,0.338587,2420.000000
pitcher,image_0078.jpg,0.490127,2406.000000
pitcher,image_0079.jpg,0.046396,2413.000000
pitcher,image_0080.jpg,0.269365,2424.000000
pitcher,image_0081.jpg,0.207953,2414.000000
pitcher,image_0082.jpg,0.133253,2418.000000
pitcher,image_0083.jpg,0.475173,2426.000000
pitcher,image_0084.jpg,0.586034,2416.000000
pitcher,image_0085.jpg,0.139106,2419.000000
flamingo,image_0001.jpg,0.007604,2436.000000
flamingo,image_0002.jpg,0.233683,2434.000000
flamingo,image_0003.jpg,0.985208,2413.000000
flamingo,image_0004.jpg,0.998559,2428.000000
flamingo,image_0005.jpg,0.102349,2419.000000
flamingo,image_0006.jpg,0.021129,2421.000000
flamingo,image_0007.jpg,0.083281,2420.000000
flamingo,image_0008.jpg,0.041993,2420.000000
flamingo,image_0009.jpg,0.000083,2434.000000
flamingo,image_0010.jpg,0.998474,2421.000000
flamingo,image_0011.jpg,0.995574,2432.000000
flamingo,image_0012.jpg,0.109568,2428.000000
flamingo,image_0013.jpg,0.912821,2417.000000
flamingo,image_0014.jpg,0.160777,2431.000000
flamingo,image_0015.jpg,0.999346,2416.000000
flamingo,image_0016.jpg,0.077340,2416.000000
flamingo,image_0017.jpg,0.993739,2432.000000
flamingo,image_0018.jpg,0.883443,2410.000000
flamingo,image_0019.jpg,0.812947,2436.000000
flamingo,image_0020.jpg,0.994306,2431.000000
flamingo,image_0021.jpg,0.268556,2422.000000
flamingo,image_0022.jpg,0.016651,2417.000000
flamingo,image_0023.jpg,0.999576,2427.000000
flamingo,image_0024.jpg,0.974014,2412.000000
flamingo,image_0025.jpg,0.969885,2436.000000
flamingo,image_0026.jpg,0.999889,2429.000000
flamingo,image_0027.jpg,0.234529,2432.000000
flamingo,image_0028.jpg,0.998219,2430.000000
flamingo,image_0029.jpg,0.011357,2430.000000
flamingo,image_0030.jpg,0.205732,2430.000000
flamingo,image_0031.jpg,0.152387,2423.000000
flamingo,image_0032.jpg,0.991847,2432.000000
flamingo,image_0033.jpg,0.999871,2424.000000
flamingo,image_0034.jpg,0.139413,2412.000000
flamingo,image_0035.jpg,0.999260,2411.000000
flamingo,image_0036.jpg,0.991107,2433.000000
flamingo,image_0037.jpg,0.917820,2414.000000
flamingo,image_0038.jpg,0.417429,2435.000000
flamingo,image_0039.jpg,0.820067,2433.000000
flamingo,image_0040.jpg,0.968688,2431.000000
flamingo,image_0041.jpg,0.344137,2419.000000
flamingo,image_0042.jpg,0.921889,2430.000000
flamingo,image_0043.jpg,0.887761,2422.000000
flamingo,image_0044.jpg,0.165721,2417.000000
flamingo,image_0045.jpg,0.980914,2432.000000
flamingo,image_0046.jpg,0.840344,2416.000000
flamingo,image_0047.jpg,0.961576,2418.000000
flamingo,image_0048.jpg,0.970218,2431.000000
flamingo,image_0049.jpg,0.955004,2422.000000
flamingo,image_0050.jpg,0.124721,2432.000000
flamingo,image_0051.jpg,0.310653,2430.000000
flamingo,image_0052.jpg,0.375935,2428.000000
flamingo,image_0053.jpg,0.999277,2431.000000
flamingo,image_0054.jpg,0.994708,2412.000000
flamingo,image_0055.jpg,0.100775,2424.000000
flamingo,image_0056.jpg,0.539015,2420.000000
flamingo,image_0057.jpg,0.656702,2421.000000
flamingo,image_0058.jpg,0.051702,2432.000000
flamingo,image_0059.jpg,0.991651,2420.000000
flamingo,image_0060.jpg,0.004003,2428.000000
flamingo,image_0061.jpg,0.010908,2420.000000
flamingo,image_0062.jpg,0.999324,2433.000000
flamingo,image_0063.jpg,0.159805,2422.000000
flamingo,image_0064.jpg,0.969721,2421.000000
flamingo,image_0065.jpg,0.420620,2422.000000
flamingo,image_0066.jpg,0.000007,2434.000000
flamingo,image_0067.jpg,0.016534,2421.000000
wallaby,image_0001.jpg,0.001439,2415.000000
wallaby,image_0002.jpg,0.554431,2418.000000
wallaby,image_0003.jpg,0.521774,2420.000000
wallaby,image_0004.jpg,0.103713,2420.000000
wallaby,image_0005.jpg,0.010296,2429.000000
wallaby,image_0006.jpg,0.071204,2430.000000
wallaby,image_0007.jpg,0.130858,2422.000000
wallaby,image_0008.jpg,0.907325,2427.000000
wallaby,image_0009.jpg,0.601119,2418.000000
wallaby,image_0010.jpg,0.256364,2419.000000
wallaby,image_0011.jpg,0.030772,2424.000000
wallaby,image_0012.jpg,0.151229,2414.000000
wallaby,image_0013.jpg,0.010534,2416.000000
wallaby,image_0014.jpg,0.048261,2434.000000
wallaby,image_0015.jpg,0.006692,2420.000000
wallaby,image_0016.jpg,0.013552,2435.000000
wallaby,image_0017.jpg,0.000653,2422.000000
wallaby,image_0018.jpg,0.663643,2434.000000
wallaby,image_0019.jpg,0.074765,2431.000000
wallaby,image_0020.jpg,0.065133,2422.000000
wallaby,image_0021.jpg,0.199308,2422.000000
wallaby,image_0022.jpg,0.072754,2424.000000
wallaby,image_0023.jpg,0.012847,2432.000000
wallaby,image_0024.jpg,0.055784,2422.000000
wallaby,image_0025.jpg,0.004096,2432.000000
wallaby,image_0026.jpg,0.006135,2434.000000
wallaby,image_0027.jpg,0.327383,2427.000000
wallaby,image_0028.jpg,0.009135,2425.000000
wallaby,image_0029.jpg,0.123345,2418.000000
wallaby,image_0030.jpg,0.095251,2423.000000
wallaby,image_0031.jpg,0.097132,2420.000000
wallaby,image_0032.jpg,0.990430,2421.000000
wallaby,image_0033.jpg,0.127180,2431.000000
wallaby,image_0034.jpg,0.009746,2424.000000
wallaby,image_0035.jpg,0.049270,2420.000000
wallaby,image_0036.jpg,0.013379,2433.000000
wallaby,image_0037.jpg,0.171186,2423.000000
wallaby,image_0038.jpg,0.653143,2430.000000
wallaby,image_0039.jpg,0.022740,2429.000000
wallaby,image_0040.jpg,0.027973,2420.000000
wallaby,image_0041.jpg,0.044465,2417.000000
wallaby,image_0042.jpg,0.246361,2425.000000
wallaby,image_0043.jpg,0.558270,2420.000000
wallaby,image_0044.jpg,0.001550,2425.000000
wallaby,image_0045.jpg,0.245423,2419.000000
wallaby,image_0046.jpg,0.194053,2431.000000
wallaby,image_0047.jpg,0.011733,2430.000000
wallaby,image_0048.jpg,0.039214,2419.000000
wallaby,image_0049.jpg,0.398535,2431.000000
wallaby,image_0050.jpg,0.012001,2430.000000
wallaby,image_0051.jpg,0.119036,2435.000000
wallaby,image_0052.jpg,0.200934,2417.000000
wallaby,image_0053.jpg,0.433409,2426.000000
wallaby,image_0054.jpg,0.065737,2418.000000
wallaby,image_0055.jpg,0.053378,2433.000000
wallaby,image_0056.jpg,0.003495,2433.000000
wallaby,image_0057.jpg,0.188516,2416.000000
wallaby,image_0058.jpg,0.983024,2430.000000
wallaby,image_0059.jpg,0.034411,2426.000000
wallaby,image_0060.jpg,0.219716,2420.000000
wallaby,image_0061.jpg,0.682357,2429.000000
wallaby,image_0062.jpg,0.027376,2413.000000
wallaby,image_0063.jpg,0.630685,2426.000000
wallaby,image_0064.jpg,0.019419,2435.000000
wallaby,image_0065.jpg,0.002602,2429.000000
wallaby,image_0066.jpg,0.291008,2413.000000
wallaby,image_0067.jpg,0.003578,2428.000000
wallaby,image_0068.jpg,0.721670,2422.000000
wallaby,image_0069.jpg,0.203036,2424.000000
wallaby,image_0070.jpg,0.073519,2434.000000
wallaby,image_0071.jpg,0.021978,2422.000000
wallaby,image_0072.jpg,0.001729,2425.000000
wallaby,image_0073.jpg,0.115796,2435.000000
wallaby,image_0074.jpg,0.010451,2415.000000
wallaby,image_0075.jpg,0.007013,2424.000000
wallaby,image_0076.jpg,0.033656,2421.000000
wallaby,image_0077.jpg,0.427034,2435.000000
wallaby,image_0078.jpg,0.240456,2422.000000
wallaby,image_0079.jpg,0.069137,2430.000000
wallaby,image_0080.jpg,0.021398,2423.000000
wallaby,image_0081.jpg,0.134994,2424.000000
wallaby,image_0082.jpg,0.015548,2429.000000
wallaby,image_0083.jpg,0.037052,2418.000000
wallaby,image_0084.jpg,0.020061,2425.000000
wallaby,image_0085.jpg,0.002096,2427.000000
wallaby,image_0086.jpg,0.008268,2420.000000
laptop,image_0001.jpg,0.147909,2428.000000
laptop,image_0002.jpg,0.215027,2421.000000
laptop,image_0003.jpg,0.019381,2426.000000
laptop,image_0004.jpg,0.261924,2423.000000
laptop,image_0005.jpg,0.053905,2427.000000
laptop,image_0006.jpg,0.283218,2431.000000
laptop,image_0007.jpg,0.229833,2425.000000
laptop,image_0008.jpg,0.170793,2430.000000
laptop,image_0009.jpg,0.272984,2420.000000
laptop,image_0010.jpg,0.232778,2417.000000
laptop,image_0011.jpg,0.035008,2428.000000
laptop,image_0012.jpg,0.299816,2423.000000
laptop,image_0013.jpg,0.145776,2436.000000
laptop,image_0014.jpg,0.449102,2415.000000
laptop,image_0015.jpg,0.135755,2416.000000
laptop,image_0016.jpg,0.128786,2418.000000
laptop,image_0017.jpg,0.158900,2431.000000
laptop,image_0018.jpg,0.006191,2436.000000
laptop,image_0019.jpg,0.110425,2420.000000
laptop,image_0020.jpg,0.016958,2422.000000
laptop,image_0021.jpg,0.009597,2430.000000
laptop,image_0022.jpg,0.099332,2412.000000
laptop,image_0023.jpg,0.023957,2409.000000
laptop,image_0024.jpg,0.500579,2417.000000
laptop,image_0025.jpg,0.123645,2434.000000
laptop,image_0026.jpg,0.569917,2429.000000
laptop,image_0027.jpg,0.089524,2433.000000
laptop,image_0028.jpg,0.269958,2431.000000
laptop,image_0029.jpg,0.447780,2417.000000
laptop,image_0030.jpg,0.284791,2422.000000
laptop,image_0031.jpg,0.180124,2431.000000
laptop,image_0032.jpg,0.454113,2434.000000
laptop,image_0033.jpg,0.360122,2432.000000
laptop,image_0034.jpg,0.184728,2412.000000
laptop,image_0035.jpg,0.189401,2424.000000
laptop,image_0036.jpg,0.350760,2421.000000
laptop,image_0037.jpg,0.248466,2431.000000
laptop,image_0038.jpg,0.316449,2412.000000
laptop,image_0039.jpg,0.003585,2425.000000
laptop,image_0040.jpg,0.027387,2419.000000
laptop,image_0041.jpg,0.084501,2418.000000
laptop,image_0042.jpg,0.170347,2419.000000
laptop,image_0043.jpg,0.122253,2434.000000
laptop,image_0044.jpg,0.249845,2427.000000
laptop,image_0045.jpg,0.149104,2424.000000
laptop,image_0046.jpg,0.387776,2427.000000
laptop,image_0047.jpg,0.059456,2420.000000
laptop,image_0048.jpg,0.342019,2426.000000
laptop,image_0049.jpg,0.183742,2417.000000
laptop,image_0050.jpg,0.146450,2409.000000
laptop,image_0051.jpg,0.055471,2418.000000
laptop,image_0052.jpg,0.330487,2430.000000
laptop,image_0053.jpg,0.156639,2430.000000
laptop,image_0054.jpg,0.025381,2435.000000
laptop,image_0055.jpg,0.267168,2428.000000
laptop,image_0056.jpg,0.000844,2430.000000
laptop,image_0057.jpg,0.134680,2429.000000
laptop,image_0058.jpg,0.053706,2430.000000
laptop,image_0059.jpg,0.235701,2434.000000
laptop,image_0060.jpg,0.368432,2432.000000
laptop,image_0061.jpg,0.063365,2429.000000
laptop,image_0062.jpg,0.044827,2428.000000
laptop,image_0063.jpg,0.329164,2421.000000
laptop,image_0064.jpg,0.143138,2414.000000
laptop,image_0065.jpg,0.535088,2427.000000
laptop,image_0066.jpg,0.251623,2427.000000
laptop,image_0067.jpg,0.077730,2433.000000
laptop,image_0068.jpg,0.094087,2432.000000
laptop,image_0069.jpg,0.005223,2426.000000
laptop,image_0070.jpg,0.030020,2415.000000
laptop,image_0071.jpg,0.142193,2417.000000
laptop,image_0072.jpg,0.032475,2429.000000
laptop,image_0073.jpg,0.114568,2479.000000
laptop,image_0074.jpg,0.046816,2420.000000
laptop,image_0075.jpg,0.135967,2412.000000
laptop,image_0076.jpg,0.381727,2431.000000
laptop,image_0077.jpg,0.181244,2434.000000
laptop,image_0078.jpg,0.103700,2423.000000
laptop,image_0079.jpg,0.050403,2429.000000
laptop,image_0080.jpg,0.101052,2436.000000
laptop,image_0081.jpg,0.022646,2418.000000
leopard,image_0001.jpg,0.002616,2421.000000
leopard,image_0002.jpg,0.001602,2432.000000
leopard,image_0003.jpg,0.000673,2422.000000
leopard,image_0004.jpg,0.009666,2418.000000
leopard,image_0005.jpg,0.000206,2430.000000
leopard,image_0006.jpg,0.032332,2431.000000
leopard,image_0007.jpg,0.019233,2425.000000
leopard,image_0008.jpg,0.000121,2412.000000
leopard,image_0009.jpg,0.037133,2422.000000
leopard,image_0010.jpg,0.002658,2417.000000
leopard,image_0011.jpg,0.001075,2437.000000
leopard,image_0012.jpg,0.015255,2431.000000
leopard,image_0013.jpg,0.000354,2414.000000
leopard,image_0014.jpg,0.001498,2434.000000
leopard,image_0015.jpg,0.012028,2428.000000
leopard,image_0016.jpg,0.007864,2423.000000
leopard,image_0017.jpg,0.001216,2426.000000
leopard,image_0018.jpg,0.000201,2419.000000
leopard,image_0019.jpg,0.002510,2422.000000
leopard,image_0020.jpg,0.138247,2420.000000
leopard,image_0021.jpg,0.002175,2429.000000
leopard,image_0022.jpg,0.003405,2421.000000
leopard,image_0023.jpg,0.014175,2426.000000
leopard,image_0024.jpg,0.004095,2430.000000
leopard,image_0025.jpg,0.045258,2423.000000
leopard,image_0026.jpg,0.003236,2427.000000
leopard,image_0027.jpg,0.015262,2413.000000
leopard,image_0028.jpg,0.041777,2417.000000
leopard,image_0029.jpg,0.020931,2421.000000
leopard,image_0030.jpg,0.004038,2434.000000
leopard,image_0031.jpg,0.048865,2437.000000
leopard,image_0032.jpg,0.002983,2431.000000
leopard,image_0033.jpg,0.010274,2420.000000
leopard,image_0034.jpg,0.012797,2431.000000
leopard,image_0035.jpg,0.151810,2422.000000
leopard,image_0036.jpg,0.106236,2438.000000
leopard,image_0037.jpg,0.323592,2421.000000
leopard,image_0038.jpg,0.050814,2430.000000
leopard,image_0039.jpg,0.003617,2421.000000
leopard,image_0040.jpg,0.000703,2422.000000
leopard,image_0041.jpg,0.047750,2416.000000
leopard,image_0042.jpg,0.000120,2414.000000
leopard,image_0043.jpg,0.109602,2409.000000
leopard,image_0044.jpg,0.338139,2422.000000
leopard,image_0045.jpg,0.002578,2409.000000
leopard,image_0046.jpg,0.001192,2411.000000
leopard,image_0047.jpg,0.000051,2434.000000
leopard,image_0048.jpg,0.014940,2430.000000
leopard,image_0049.jpg,0.291139,2419.000000
leopard,image_0050.jpg,0.013770,2431.000000
leopard,image_0051.jpg,0.193828,2435.000000
leopard,image_0052.jpg,0.012285,2422.000000
leopard,image_0053.jpg,0.034386,2423.000000
leopard,image_0054.jpg,0.003661,2410.000000
leopard,image_0055.jpg,0.024294,2423.000000
leopard,image_0056.jpg,0.009525,2414.000000
leopard,image_0057.jpg,0.079797,2420.000000
leopard,image_0058.jpg,0.024203,2434.000000
leopard,image_0059.jpg,0.032760,2434.000000
leopard,image_0060.jpg,0.002749,2435.000000
leopard,image_0061.jpg,0.021447,2432.000000
leopard,image_0062.jpg,0.082485,2433.000000
leopard,image_0063.jpg,0.003347,2425.000000
leopard,image_0064.jpg,0.255476,2414.000000
leopard,image_0065.jpg,0.127224,2437.000000
leopard,image_0066.jpg,0.006994,2436.000000
leopard,image_0067.jpg,0.021075,2422.000000
leopard,image_0068.jpg,0.006935,2422.000000
leopard,image_0069.jpg,0.000057,2431.000000
leopard,image_0070.jpg,0.286415,2432.000000
leopard,image_0071.jpg,0.048118,2434.000000
leopard,image_0072.jpg,0.091157,2432.000000
leopard,image_0073.jpg,0.078684,2415.000000
leopard,image_0074.jpg,0.026801,2422.000000
leopard,image_0075.jpg,0.153279,2434.000000
leopard,image_0076.jpg,0.037618,2421.000000
leopard,image_0077.jpg,0.032405,2484.000000
leopard,image_0078.jpg,0.059610,2431.000000
leopard,image_0079.jpg,0.112087,2423.000000
leopard,image_0080.jpg,0.197959,2422.000000
leopard,image_0081.jpg,0.118581,2428.000000
leopard,image_0082.jpg,0.066102,2414.000000
leopard,image_0083.jpg,0.008839,2414.000000
leopard,image_0084.jpg,0.603231,2433.000000
leopard,image_0085.jpg,0.011783,2422.000000
leopard,image_0086.jpg,0.008502,2413.000000
leopard,image_0087.jpg,0.001571,2437.000000
leopard,image_0088.jpg,0.007563,2417.000000
leopard,image_0089.jpg,0.003538,2420.000000
leopard,image_0090.jpg,0.082927,2419.000000
leopard,image_0091.jpg,0.317184,2412.000000
leopard,image_0092.jpg,0.070235,2431.000000
leopard,image_0093.jpg,0.003140,2436.000000
leopard,image_0094.jpg,0.154609,2446.000000
leopard,image_0095.jpg,0.004247,2433.000000
leopard,image_0096.jpg,0.005870,2424.000000
leopard,image_0097.jpg,0.126890,2414.000000
leopard,image_0098.jpg,0.010341,2425.000000
leopard,image_0099.jpg,0.120997,2422.000000
leopard,image_0100.jpg,0.003148,2423.000000
leopard,image_0101.jpg,0.004414,2420.000000
leopard,image_0102.jpg,0.001323,2426.000000
leopard,image_0103.jpg,0.000883,2426.000000
leopard,image_0104.jpg,0.012224,2428.000000
leopard,image_0105.jpg,0.000108,2422.000000
leopard,image_0106.jpg,0.007999,2432.000000
leopard,image_0107.jpg,0.032962,2418.000000
leopard,image_0108.jpg,0.000378,2437.000000
leopard,image_0109.jpg,0.028270,2424.000000
leopard,image_0110.jpg,0.001980,2423.000000
leopard,image_0111.jpg,0.000083,2412.000000
leopard,image_0112.jpg,0.009608,2423.000000
leopard,image_0113.jpg,0.000646,2414.000000
leopard,image_0114.jpg,0.002069,2424.000000
leopard,image_0115.jpg,0.008198,2432.000000
leopard,image_0116.jpg,0.001952,2419.000000
leopard,image_0117.jpg,0.000618,2418.000000
leopard,image_0118.jpg,0.000180,2432.000000
leopard,image_0119.jpg,0.005025,2413.000000
leopard,image_0120.jpg,0.163491,2422.000000
leopard,image_0121.jpg,0.000750,2422.000000
leopard,image_0122.jpg,0.000898,2425.000000
leopard,image_0123.jpg,0.016469,2432.000000
leopard,image_0124.jpg,0.002549,2421.000000
leopard,image_0125.jpg,0.047068,2433.000000
leopard,image_0126.jpg,0.005361,2418.000000
leopard,image_0127.jpg,0.012510,2416.000000
leopard,image_0128.jpg,0.018633,2435.000000
leopard,image_0129.jpg,0.018825,2429.000000
leopard,image_0130.jpg,0.003545,2432.000000
leopard,image_0131.jpg,0.073125,2423.000000
leopard,image_0132.jpg,0.005054,2427.000000
leopard,image_0133.jpg,0.011417,2436.000000
leopard,image_0134.jpg,0.006576,2422.000000
leopard,image_0135.jpg,0.170013,2423.000000
leopard,image_0136.jpg,0.111141,2422.000000
leopard,image_0137.jpg,0.441893,2422.000000
leopard,image_0138.jpg,0.024438,2428.000000
leopard,image_0139.jpg,0.010486,2412.000000
leopard,image_0140.jpg,0.000440,2419.000000
leopard,image_0141.jpg,0.051660,2427.000000
leopard,image_0142.jpg,0.000067,2434.000000
leopard,image_0143.jpg,0.107257,2435.000000
leopard,image_0144.jpg,0.207432,2418.000000
leopard,image_0145.jpg,0.003126,2427.000000
leopard,image_0146.jpg,0.001029,2418.000000
leopard,image_0147.jpg,0.000062,2418.000000
leopard,image_0148.jpg,0.014470,2415.000000
leopard,image_0149.jpg,0.325602,2421.000000
leopard,image_0150.jpg,0.017835,2435.000000
leopard,image_0151.jpg,0.121556,2424.000000
leopard,image_0152.jpg,0.010982,2432.000000
leopard,image_0153.jpg,0.015771,2435.000000
leopard,image_0154.jpg,0.004917,2432.000000
leopard,image_0155.jpg,0.055694,2417.000000
leopard,image_0156.jpg,0.034386,2423.000000
leopard,image_0157.jpg,0.142337,2434.000000
leopard,image_0158.jpg,0.050195,2424.000000
leopard,image_0159.jpg,0.033319,2420.000000
leopard,image_0160.jpg,0.016332,2432.000000
leopard,image_0161.jpg,0.023109,2420.000000
leopard,image_0162.jpg,0.032326,2428.000000
leopard,image_0163.jpg,0.003557,2424.000000
leopard,image_0164.jpg,0.333784,2432.000000
leopard,image_0165.jpg,0.133152,2433.000000
leopard,image_0166.jpg,0.009518,2430.000000
leopard,image_0167.jpg,0.016568,2436.000000
leopard,image_0168.jpg,0.035277,2427.000000
leopard,image_0169.jpg,0.000058,2425.000000
leopard,image_0170.jpg,0.307887,2434.000000
leopard,image_0171.jpg,0.024608,2413.000000
leopard,image_0172.jpg,0.181425,2422.000000
leopard,image_0173.jpg,0.089474,2432.000000
leopard,image_0174.jpg,0.021878,2427.000000
leopard,image_0175.jpg,0.100778,2430.000000
leopard,image_0176.jpg,0.027698,2422.000000
leopard,image_0177.jpg,0.039357,2425.000000
leopard,image_0178.jpg,0.039314,2422.000000
leopard,image_0179.jpg,0.118398,2424.000000
leopard,image_0180.jpg,0.167828,2427.000000
leopard,image_0181.jpg,0.071901,2428.000000
leopard,image_0182.jpg,0.056832,2434.000000
leopard,image_0183.jpg,0.017895,2435.000000
leopard,image_0184.jpg,0.454141,2437.000000
leopard,image_0185.jpg,0.006491,2421.000000
leopard,image_0186.jpg,0.017189,2428.000000
leopard,image_0187.jpg,0.002087,2426.000000
leopard,image_0188.jpg,0.003068,2427.000000
leopard,image_0189.jpg,0.006041,2422.000000
leopard,image_0190.jpg,0.112558,2429.000000
leopard,image_0191.jpg,0.517316,2430.000000
leopard,image_0192.jpg,0.056704,2423.000000
leopard,image_0193.jpg,0.008541,2420.000000
leopard,image_0194.jpg,0.203579,2421.000000
leopard,image_0195.jpg,0.008695,2435.000000
leopard,image_0196.jpg,0.004974,2422.000000
leopard,image_0197.jpg,0.063020,2433.000000
leopard,image_0198.jpg,0.001091,2424.000000
leopard,image_0199.jpg,0.073164,2421.000000
leopard,image_0200.jpg,0.001480,2430.000000
llama,image_0001.jpg,0.029625,2417.000000
llama,image_0002.jpg,0.732522,2425.000000
llama,image_0003.jpg,0.674693,2434.000000
llama,image_0004.jpg,0.683326,2423.000000
llama,image_0005.jpg,0.804941,2480.000000
llama,image_0006.jpg,0.834565,2436.000000
llama,image_0007.jpg,0.924901,2432.000000
llama,image_0008.jpg,0.387575,2433.000000
llama,image_0009.jpg,0.570740,2436.000000
llama,image_0010.jpg,0.029625,2414.000000
llama,image_0011.jpg,0.052852,2418.000000
llama,image_0012.jpg,0.044814,2427.000000
llama,image_0013.jpg,0.145002,2422.000000
llama,image_0014.jpg,0.543023,2412.000000
llama,image_0015.jpg,0.000996,2432.000000
llama,image_0016.jpg,0.767440,2432.000000
llama,image_0017.jpg,0.821222,2434.000000
llama,image_0018.jpg,0.339627,2428.000000
llama,image_0019.jpg,0.984654,2418.000000
llama,image_0020.jpg,0.370809,2413.000000
llama,image_0021.jpg,0.308724,2422.000000
llama,image_0022.jpg,0.976825,2411.000000
llama,image_0023.jpg,0.335318,2426.000000
llama,image_0024.jpg,0.687970,2435.000000
llama,image_0025.jpg,0.018489,2431.000000
llama,image_0026.jpg,0.926153,2421.000000
llama,image_0027.jpg,0.970042,2432.000000
llama,image_0028.jpg,0.170822,2412.000000
llama,image_0029.jpg,0.790539,2433.000000
llama,image_0030.jpg,0.114385,2433.000000
llama,image_0031.jpg,0.003156,2431.000000
llama,image_0032.jpg,0.597358,2430.000000
llama,image_0033.jpg,0.199517,2429.000000
llama,image_0034.jpg,0.040985,2429.000000
llama,image_0035.jpg,0.825165,2434.000000
llama,image_0036.jpg,0.652593,2421.000000
llama,image_0037.jpg,0.029362,2419.000000
llama,image_0038.jpg,0.049681,2411.000000
llama,image_0039.jpg,0.008994,2411.000000
llama,image_0040.jpg,0.994897,2429.000000
llama,image_0041.jpg,0.799786,2433.000000
llama,image_0042.jpg,0.945693,2425.000000
llama,image_0043.jpg,0.029073,2429.000000
llama,image_0044.jpg,0.674714,2427.000000
llama,image_0045.jpg,0.327465,2433.000000
llama,image_0046.jpg,0.001632,2426.000000
llama,image_0047.jpg,0.461503,2419.000000
llama,image_0048.jpg,0.239858,2431.000000
llama,image_0049.jpg,0.360781,2435.000000
llama,image_0050.jpg,0.349495,2419.000000
llama,image_0051.jpg,0.447479,2417.000000
llama,image_0052.jpg,0.990220,2420.000000
llama,image_0053.jpg,0.943868,2424.000000
llama,image_0054.jpg,0.990213,2412.000000
llama,image_0055.jpg,0.087555,2430.000000
llama,image_0056.jpg,0.964614,2411.000000
llama,image_0057.jpg,0.809895,2420.000000
llama,image_0058.jpg,0.993899,2428.000000
llama,image_0059.jpg,0.079031,2420.000000
llama,image_0060.jpg,0.999660,2430.000000
llama,image_0061.jpg,0.677069,2416.000000
llama,image_0062.jpg,0.524598,2420.000000
llama,image_0063.jpg,0.326656,2419.000000
llama,image_0064.jpg,0.924198,2420.000000
llama,image_0065.jpg,0.034376,2417.000000
llama,image_0066.jpg,0.991314,2419.000000
llama,image_0067.jpg,0.003245,2438.000000
llama,image_0068.jpg,0.040040,2418.000000
llama,image_0069.jpg,0.097094,2427.000000
llama,image_0070.jpg,0.986547,2425.000000
llama,image_0071.jpg,0.106059,2433.000000
llama,image_0072.jpg,0.265983,2429.000000
llama,image_0073.jpg,0.457613,2421.000000
llama,image_0074.jpg,0.870494,2417.000000
llama,image_0075.jpg,0.209525,2416.000000
llama,image_0076.jpg,0.975126,2434.000000
llama,image_0077.jpg,0.107562,2422.000000
llama,image_0078.jpg,0.818581,2431.000000
pizza,image_0001.jpg,0.898393,2640.000000
pizza,image_0002.jpg,0.928891,2634.000000
pizza,image_0003.jpg,0.065666,2647.000000
pizza,image_0004.jpg,0.883839,2624.000000
pizza,image_0005.jpg,0.577161,2647.000000
pizza,image_0006.jpg,0.000249,2643.000000
pizza,image_0007.jpg,0.150831,2644.000000
pizza,image_0008.jpg,0.042665,2629.000000
pizza,image_0009.jpg,0.003757,2638.000000
pizza,image_0010.jpg,0.048848,2638.000000
pizza,image_0011.jpg,0.187768,2624.000000
pizza,image_0012.jpg,0.105546,2647.000000
pizza,image_0013.jpg,0.742877,2620.000000
pizza,image_0014.jpg,0.027773,2643.000000
pizza,image_0015.jpg,0.342203,2625.000000
pizza,image_0016.jpg,0.754263,2643.000000
pizza,image_0017.jpg,0.048179,2626.000000
pizza,image_0018.jpg,0.041506,2645.000000
pizza,image_0019.jpg,0.026328,2641.000000
pizza,image_0020.jpg,0.220257,2620.000000
pizza,image_0021.jpg,0.254487,2629.000000
pizza,image_0022.jpg,0.264459,2633.000000
pizza,image_0023.jpg,0.238653,2641.000000
pizza,image_0024.jpg,0.767880,2650.000000
pizza,image_0025.jpg,0.173021,2634.000000
pizza,image_0026.jpg,0.018256,2655.000000
pizza,image_0027.jpg,0.048509,2649.000000
pizza,image_0028.jpg,0.078118,2640.000000
pizza,image_0029.jpg,0.095273,2650.000000
pizza,image_0030.jpg,0.412495,2639.000000
pizza,image_0031.jpg,0.184089,2640.000000
pizza,image_0032.jpg,0.073866,2628.000000
pizza,image_0033.jpg,0.008430,2639.000000
pizza,image_0034.jpg,0.925620,2627.000000
pizza,image_0035.jpg,0.414960,2648.000000
pizza,image_0036.jpg,0.902213,2622.000000
pizza,image_0037.jpg,0.199695,2624.000000
pizza,image_0038.jpg,0.183381,2623.000000
pizza,image_0039.jpg,0.026147,2634.000000
pizza,image_0040.jpg,0.707562,2693.000000
pizza,image_0041.jpg,0.933457,2646.000000
pizza,image_0042.jpg,0.170079,2626.000000
pizza,image_0043.jpg,0.003003,2627.000000
pizza,image_0044.jpg,0.005711,2642.000000
pizza,image_0045.jpg,0.924533,2636.000000
pizza,image_0046.jpg,0.511925,2637.000000
pizza,image_0047.jpg,0.001220,2642.000000
pizza,image_0048.jpg,0.020396,2645.000000
pizza,image_0049.jpg,0.873472,2621.000000
pizza,image_0050.jpg,0.046246,2622.000000
pizza,image_0051.jpg,0.001518,2618.000000
pizza,image_0052.jpg,0.066568,2632.000000
pizza,image_0053.jpg,0.028327,2645.000000
platypus,image_0001.jpg,0.807979,2415.000000
platypus,image_0002.jpg,0.027277,2426.000000
platypus,image_0003.jpg,0.000007,2429.000000
platypus,image_0004.jpg,0.874540,2423.000000
platypus,image_0005.jpg,0.060774,2435.000000
platypus,image_0006.jpg,0.303024,2442.000000
platypus,image_0007.jpg,0.244247,2416.000000
platypus,image_0008.jpg,0.947139,2435.000000
platypus,image_0009.jpg,0.089940,2436.000000
platypus,image_0010.jpg,0.000418,2424.000000
platypus,image_0011.jpg,0.192791,2421.000000
platypus,image_0012.jpg,0.026751,2424.000000
platypus,image_0013.jpg,0.669987,2426.000000
platypus,image_0014.jpg,0.001735,2423.000000
platypus,image_0015.jpg,0.970797,2421.000000
platypus,image_0016.jpg,0.000798,2433.000000
platypus,image_0017.jpg,0.165296,2421.000000
platypus,image_0018.jpg,0.004963,2436.000000
platypus,image_0019.jpg,0.704498,2417.000000
platypus,image_0020.jpg,0.002749,2432.000000
platypus,image_0021.jpg,0.017507,2434.000000
platypus,image_0022.jpg,0.987842,2433.000000
platypus,image_0023.jpg,0.003744,2431.000000
platypus,image_0024.jpg,0.047178,2431.000000
platypus,image_0025.jpg,0.743504,2435.000000
platypus,image_0026.jpg,0.715113,2416.000000
platypus,image_0027.jpg,0.500035,2428.000000
platypus,image_0028.jpg,0.947214,2433.000000
platypus,image_0029.jpg,0.001815,2434.000000
platypus,image_0030.jpg,0.974555,2422.000000
platypus,image_0031.jpg,0.002006,2422.000000
platypus,image_0032.jpg,0.130379,2421.000000
platypus,image_0033.jpg,0.000271,2436.000000
platypus,image_0034.jpg,0.002137,2416.000000
revolver,image_0001.jpg,0.978144,2423.000000
revolver,image_0002.jpg,0.997350,2422.000000
revolver,image_0003.jpg,0.933401,2424.000000
revolver,image_0004.jpg,0.060586,2418.000000
revolver,image_0005.jpg,0.855551,2426.000000
revolver,image_0006.jpg,0.627029,2415.000000
revolver,image_0007.jpg,0.373498,2423.000000
revolver,image_0008.jpg,0.106889,2421.000000
revolver,image_0009.jpg,0.054270,2423.000000
revolver,image_0010.jpg,0.062615,2419.000000
revolver,image_0011.jpg,0.062423,2421.000000
revolver,image_0012.jpg,0.859573,2418.000000
revolver,image_0013.jpg,0.994115,2420.000000
revolver,image_0014.jpg,0.180680,2421.000000
revolver,image_0015.jpg,0.996710,2435.000000
revolver,image_0016.jpg,0.001214,2436.000000
revolver,image_0017.jpg,0.991281,2418.000000
revolver,image_0018.jpg,0.494919,2429.000000
revolver,image_0019.jpg,0.981258,2425.000000
revolver,image_0020.jpg,0.362682,2415.000000
revolver,image_0021.jpg,0.912662,2429.000000
revolver,image_0022.jpg,0.988958,2436.000000
revolver,image_0023.jpg,0.991740,2430.000000
revolver,image_0024.jpg,0.232486,2424.000000
revolver,image_0025.jpg,0.973446,2437.000000
revolver,image_0026.jpg,0.454410,2432.000000
revolver,image_0027.jpg,0.998698,2419.000000
revolver,image_0028.jpg,0.000020,2420.000000
revolver,image_0029.jpg,0.997284,2429.000000
revolver,image_0030.jpg,0.995117,2437.000000
revolver,image_0031.jpg,0.982310,2419.000000
revolver,image_0032.jpg,0.318158,2420.000000
revolver,image_0033.jpg,0.600220,2423.000000
revolver,image_0034.jpg,0.979560,2418.000000
revolver,image_0035.jpg,0.062958,2436.000000
revolver,image_0036.jpg,0.943907,2420.000000
revolver,image_0037.jpg,0.721967,2417.000000
revolver,image_0038.jpg,0.555369,2434.000000
revolver,image_0039.jpg,0.986944,2433.000000
revolver,image_0040.jpg,0.527187,2417.000000
revolver,image_0041.jpg,0.000113,2428.000000
revolver,image_0042.jpg,0.022234,2425.000000
revolver,image_0043.jpg,0.898403,2431.000000
revolver,image_0044.jpg,0.978705,2440.000000
revolver,image_0045.jpg,0.856082,2428.000000
revolver,image_0046.jpg,0.926944,2428.000000
revolver,image_0047.jpg,0.990916,2426.000000
revolver,image_0048.jpg,0.921776,2432.000000
revolver,image_0049.jpg,0.077312,2432.000000
revolver,image_0050.jpg,0.698648,2423.000000
revolver,image_0051.jpg,0.840659,2428.000000
revolver,image_0052.jpg,0.007911,2422.000000
revolver,image_0053.jpg,0.998479,2432.000000
revolver,image_0054.jpg,0.964680,2431.000000
revolver,image_0055.jpg,0.993305,2414.000000
revolver,image_0056.jpg,0.588997,2435.000000
revolver,image_0057.jpg,0.975923,2432.000000
revolver,image_0058.jpg,0.868607,2424.000000
revolver,image_0059.jpg,0.888366,2435.000000
revolver,image_0060.jpg,0.932907,2422.000000
revolver,image_0061.jpg,0.406985,2436.000000
revolver,image_0062.jpg,0.067931,2430.000000
revolver,image_0063.jpg,0.003305,2434.000000
revolver,image_0064.jpg,0.995061,2422.000000
revolver,image_0065.jpg,0.656834,2429.000000
revolver,image_0066.jpg,0.027792,2420.000000
revolver,image_0067.jpg,0.114593,2422.000000
revolver,image_0068.jpg,0.800185,2434.000000
revolver,image_0069.jpg,0.864213,2422.000000
revolver,image_0070.jpg,0.963033,2433.000000
revolver,image_0071.jpg,0.854739,2420.000000
revolver,image_0072.jpg,0.722601,2436.000000
revolver,image_0073.jpg,0.996871,2422.000000
revolver,image_0074.jpg,0.153133,2432.000000
revolver,image_0075.jpg,0.682912,2423.000000
revolver,image_0076.jpg,0.539068,2438.000000
revolver,image_0077.jpg,0.991606,2430.000000
revolver,image_0078.jpg,0.024791,2417.000000
revolver,image_0079.jpg,0.005709,2422.000000
revolver,image_0080.jpg,0.999217,2415.000000
revolver,image_0081.jpg,0.960596,2432.000000
revolver,image_0082.jpg,0.999429,2430.000000
sax,image_0001.jpg,0.880489,2432.000000
sax,image_0002.jpg,0.013359,2428.000000
sax,image_0003.jpg,0.814619,2418.000000
sax,image_0004.jpg,0.166276,2436.000000
sax,image_0005.jpg,0.479922,2421.000000
sax,image_0006.jpg,0.020964,2430.000000
sax,image_0007.jpg,0.352726,2422.000000
sax,image_0008.jpg,0.985120,2420.000000
sax,image_0009.jpg,0.986714,2429.000000
sax,image_0010.jpg,0.117905,2432.000000
sax,image_0011.jpg,0.316857,2430.000000
sax,image_0012.jpg,0.020214,2435.000000
sax,image_0013.jpg,0.622888,2433.000000
sax,image_0014.jpg,0.184663,2435.000000
sax,image_0015.jpg,0.973480,2435.000000
sax,image_0016.jpg,0.370876,2422.000000
sax,image_0017.jpg,0.834129,2428.000000
sax,image_0018.jpg,0.721523,2431.000000
sax,image_0019.jpg,0.869614,2423.000000
sax,image_0020.jpg,0.985995,2430.000000
sax,image_0021.jpg,0.792907,2438.000000
sax,image_0022.jpg,0.740714,2430.000000
sax,image_0023.jpg,0.783158,2430.000000
sax,image_0024.jpg,0.775096,2423.000000
sax,image_0025.jpg,0.027788,2422.000000
sax,image_0026.jpg,0.858720,2440.000000
sax,image_0027.jpg,0.918466,2438.000000
sax,image_0028.jpg,0.943308,2434.000000
sax,image_0029.jpg,0.182005,2440.000000
sax,image_0030.jpg,0.173713,2435.000000
sax,image_0031.jpg,0.108520,2435.000000
sax,image_0032.jpg,0.573328,2425.000000
sax,image_0033.jpg,0.027725,2419.000000
sax,image_0034.jpg,0.165743,2433.000000
sax,image_0035.jpg,0.152508,2428.000000
sax,image_0036.jpg,0.005575,2423.000000
sax,image_0037.jpg,0.790496,2433.000000
sax,image_0038.jpg,0.143556,2420.000000
sax,image_0039.jpg,0.004238,2423.000000
sax,image_0040.jpg,0.920502,2424.000000
schooner,image_0001.jpg,0.908669,2419.000000
schooner,image_0002.jpg,0.883489,2418.000000
schooner,image_0003.jpg,0.669865,2433.000000
schooner,image_0004.jpg,0.972947,2425.000000
schooner,image_0005.jpg,0.036895,2423.000000
schooner,image_0006.jpg,0.987451,2436.000000
schooner,image_0007.jpg,0.442888,2426.000000
schooner,image_0008.jpg,0.986269,2430.000000
schooner,image_0009.jpg,0.623764,2423.000000
schooner,image_0010.jpg,0.461799,2436.000000
schooner,image_0011.jpg,0.599365,2439.000000
schooner,image_0012.jpg,0.977597,2423.000000
schooner,image_0013.jpg,0.904556,2437.000000
schooner,image_0014.jpg,0.833096,2425.000000
schooner,image_0015.jpg,0.021475,2428.000000
schooner,image_0016.jpg,0.982123,2434.000000
schooner,image_0017.jpg,0.007352,2421.000000
schooner,image_0018.jpg,0.662752,2431.000000
schooner,image_0019.jpg,0.854369,2445.000000
schooner,image_0020.jpg,0.886333,2424.000000
schooner,image_0021.jpg,0.926422,2421.000000
schooner,image_0022.jpg,0.923248,2425.000000
schooner,image_0023.jpg,0.976915,2436.000000
schooner,image_0024.jpg,0.932627,2419.000000
schooner,image_0025.jpg,0.983996,2428.000000
schooner,image_0026.jpg,0.666663,2423.000000
schooner,image_0027.jpg,0.189591,2434.000000
schooner,image_0028.jpg,0.789145,2419.000000
schooner,image_0029.jpg,0.982742,2422.000000
schooner,image_0030.jpg,0.648899,2433.000000
schooner,image_0031.jpg,0.337238,2424.000000
schooner,image_0032.jpg,0.245621,2433.000000
schooner,image_0033.jpg,0.178567,2439.000000
schooner,image_0034.jpg,0.866654,2424.000000
schooner,image_0035.jpg,0.742183,2436.000000
schooner,image_0036.jpg,0.687852,2426.000000
schooner,image_0037.jpg,0.731408,2426.000000
schooner,image_0038.jpg,0.139673,2435.000000
schooner,image_0039.jpg,0.982433,2439.000000
schooner,image_0040.jpg,0.964257,2439.000000
schooner,image_0041.jpg,0.993572,2420.000000
schooner,image_0042.jpg,0.996903,2421.000000
schooner,image_0043.jpg,0.973931,2423.000000
schooner,image_0044.jpg,0.796475,2434.000000
schooner,image_0045.jpg,0.967247,2435.000000
schooner,image_0046.jpg,0.762361,2419.000000
schooner,image_0047.jpg,0.985622,2432.000000
schooner,image_0048.jpg,0.996995,2424.000000
schooner,image_0049.jpg,0.995578,2435.000000
schooner,image_0050.jpg,0.878584,2433.000000
schooner,image_0051.jpg,0.972566,2436.000000
schooner,image_0052.jpg,0.698176,2421.000000
schooner,image_0053.jpg,0.941269,2437.000000
schooner,image_0054.jpg,0.971692,2440.000000
schooner,image_0055.jpg,0.977626,2434.000000
schooner,image_0056.jpg,0.979951,2426.000000
schooner,image_0057.jpg,0.963069,2435.000000
schooner,image_0058.jpg,0.791645,2427.000000
schooner,image_0059.jpg,0.786288,2422.000000
schooner,image_0060.jpg,0.935617,2427.000000
schooner,image_0061.jpg,0.920271,2433.000000
schooner,image_0062.jpg,0.962426,2421.000000
schooner,image_0063.jpg,0.363746,2437.000000
scorpion,image_0001.jpg,0.948837,2426.000000
scorpion,image_0002.jpg,0.709613,2440.000000
scorpion,image_0003.jpg,0.189083,2418.000000
scorpion,image_0004.jpg,0.975598,2417.000000
scorpion,image_0005.jpg,0.999506,2438.000000
scorpion,image_0006.jpg,0.998412,2424.000000
scorpion,image_0007.jpg,0.108034,2427.000000
scorpion,image_0008.jpg,0.012133,2417.000000
scorpion,image_0009.jpg,0.058006,2434.000000
scorpion,image_0010.jpg,0.127741,2434.000000
scorpion,image_0011.jpg,0.285714,2434.000000
scorpion,image_0012.jpg,0.732942,2419.000000
scorpion,image_0013.jpg,0.433427,2445.000000
scorpion,image_0014.jpg,0.830478,2424.000000
scorpion,image_0015.jpg,0.962470,2434.000000
scorpion,image_0016.jpg,0.679070,2420.000000
scorpion,image_0017.jpg,0.068714,2434.000000
scorpion,image_0018.jpg,0.804600,2473.000000
scorpion,image_0019.jpg,0.891647,2435.000000
scorpion,image_0020.jpg,0.999867,2425.000000
scorpion,image_0021.jpg,0.640966,2428.000000
scorpion,image_0022.jpg,0.680257,2417.000000
scorpion,image_0023.jpg,0.910211,2434.000000
scorpion,image_0024.jpg,0.278597,2423.000000
scorpion,image_0025.jpg,0.379322,2432.000000
scorpion,image_0026.jpg,0.326843,2430.000000
scorpion,image_0027.jpg,0.147779,2435.000000
scorpion,image_0028.jpg,0.808422,2440.000000
scorpion,image_0029.jpg,0.968266,2435.000000
scorpion,image_0030.jpg,0.498194,2421.000000
scorpion,image_0031.jpg,0.915555,2429.000000
scorpion,image_0032.jpg,0.257768,2417.000000
scorpion,image_0033.jpg,0.255308,2423.000000
scorpion,image_0034.jpg,0.919800,2430.000000
scorpion,image_0035.jpg,0.347214,2427.000000
scorpion,image_0036.jpg,0.965111,2431.000000
scorpion,image_0037.jpg,0.058550,2422.000000
scorpion,image_0038.jpg,0.022938,2425.000000
scorpion,image_0039.jpg,0.564354,2421.000000
scorpion,image_0040.jpg,0.079561,2427.000000
scorpion,image_0041.jpg,0.959289,2433.000000
scorpion,image_0042.jpg,0.074943,2433.000000
scorpion,image_0043.jpg,0.419922,2429.000000
scorpion,image_0044.jpg,0.063804,2437.000000
scorpion,image_0045.jpg,0.943366,2418.000000
scorpion,image_0046.jpg,0.093531,2431.000000
scorpion,image_0047.jpg,0.996266,2429.000000
scorpion,image_0048.jpg,0.647954,2422.000000
scorpion,image_0049.jpg,0.961170,2420.000000
scorpion,image_0050.jpg,0.003908,2433.000000
scorpion,image_0051.jpg,0.721048,2431.000000
scorpion,image_0052.jpg,0.594562,2446.000000
scorpion,image_0053.jpg,0.534250,2430.000000
scorpion,image_0054.jpg,0.051439,2430.000000
scorpion,image_0055.jpg,0.391289,2419.000000
scorpion,image_0056.jpg,0.896301,2431.000000
scorpion,image_0057.jpg,0.230380,2419.000000
scorpion,image_0058.jpg,0.073409,2423.000000
scorpion,image_0059.jpg,0.990035,2427.000000
scorpion,image_0060.jpg,0.157839,2435.000000
scorpion,image_0061.jpg,0.068650,2425.000000
scorpion,image_0062.jpg,0.228395,2436.000000
scorpion,image_0063.jpg,0.992363,2423.000000
scorpion,image_0064.jpg,0.993681,2434.000000
scorpion,image_0065.jpg,0.973056,2433.000000
scorpion,image_0066.jpg,0.013349,2423.000000
scorpion,image_0067.jpg,0.007075,2438.000000
scorpion,image_0068.jpg,0.155888,2417.000000
scorpion,image_0069.jpg,0.390834,2429.000000
scorpion,image_0070.jpg,0.046428,2424.000000
scorpion,image_0071.jpg,0.973614,2434.000000
scorpion,image_0072.jpg,0.998332,2418.000000
scorpion,image_0073.jpg,0.936968,2435.000000
scorpion,image_0074.jpg,0.249235,2432.000000
scorpion,image_0075.jpg,0.052809,2433.000000
scorpion,image_0076.jpg,0.998430,2422.000000
scorpion,image_0077.jpg,0.779090,2422.000000
scorpion,image_0078.jpg,0.952012,2435.000000
scorpion,image_0079.jpg,0.999532,2437.000000
scorpion,image_0080.jpg,0.490121,2425.000000
scorpion,image_0081.jpg,0.319539,2419.000000
scorpion,image_0082.jpg,0.701045,2437.000000
scorpion,image_0083.jpg,0.048407,2426.000000
scorpion,image_0084.jpg,0.781582,2427.000000
strawberry,image_0001.jpg,0.055538,2432.000000
strawberry,image_0002.jpg,0.932616,2442.000000
strawberry,image_0003.jpg,0.987452,2421.000000
strawberry,image_0004.jpg,0.685261,2433.000000
strawberry,image_0005.jpg,0.174595,2428.000000
strawberry,image_0006.jpg,0.978284,2422.000000
strawberry,image_0007.jpg,0.992191,2429.000000
strawberry,image_0008.jpg,0.322387,2424.000000
strawberry,image_0009.jpg,0.984563,2423.000000
strawberry,image_0010.jpg,0.919717,2421.000000
strawberry,image_0011.jpg,0.348390,2419.000000
strawberry,image_0012.jpg,0.037024,2417.000000
strawberry,image_0013.jpg,0.997035,2438.000000
strawberry,image_0014.jpg,0.868131,2428.000000
strawberry,image_0015.jpg,0.985039,2421.000000
strawberry,image_0016.jpg,0.933752,2435.000000
strawberry,image_0017.jpg,0.993274,2433.000000
strawberry,image_0018.jpg,0.034244,2438.000000
strawberry,image_0019.jpg,0.002811,2429.000000
strawberry,image_0020.jpg,0.999240,2431.000000
strawberry,image_0021.jpg,0.995339,2423.000000
strawberry,image_0022.jpg,0.992940,2423.000000
strawberry,image_0023.jpg,0.022377,2421.000000
strawberry,image_0024.jpg,0.890701,2436.000000
strawberry,image_0025.jpg,0.648586,2433.000000
strawberry,image_0026.jpg,0.196105,2420.000000
strawberry,image_0027.jpg,0.677229,2434.000000
strawberry,image_0028.jpg,0.013427,2438.000000
strawberry,image_0029.jpg,0.008190,2436.000000
strawberry,image_0030.jpg,0.010018,2435.000000
strawberry,image_0031.jpg,0.052948,2427.000000
strawberry,image_0032.jpg,0.471999,2435.000000
strawberry,image_0033.jpg,0.977773,2426.000000
strawberry,image_0034.jpg,0.024016,2426.000000
strawberry,image_0035.jpg,0.913312,2437.000000
tick,image_0001.jpg,0.109881,2427.000000
tick,image_0002.jpg,0.990914,2430.000000
tick,image_0003.jpg,0.933385,2418.000000
tick,image_0004.jpg,0.971361,2429.000000
tick,image_0005.jpg,0.214639,2434.000000
tick,image_0006.jpg,0.085399,2420.000000
tick,image_0007.jpg,0.623692,2432.000000
tick,image_0008.jpg,0.999280,2426.000000
tick,image_0009.jpg,0.295527,2427.000000
tick,image_0010.jpg,0.977086,2438.000000
tick,image_0011.jpg,0.998584,2438.000000
tick,image_0012.jpg,0.997974,2439.000000
tick,image_0013.jpg,0.992303,2440.000000
tick,image_0014.jpg,0.911912,2418.000000
tick,image_0015.jpg,0.918223,2421.000000
tick,image_0016.jpg,0.997611,2432.000000
tick,image_0017.jpg,0.983720,2427.000000
tick,image_0018.jpg,0.981105,2422.000000
tick,image_0019.jpg,0.999083,2428.000000
tick,image_0020.jpg,0.046002,2419.000000
tick,image_0021.jpg,0.208214,2417.000000
tick,image_0022.jpg,0.599807,2436.000000
tick,image_0023.jpg,0.048558,2424.000000
tick,image_0024.jpg,0.983647,2484.000000
tick,image_0025.jpg,0.463821,2421.000000
tick,image_0026.jpg,0.990548,2434.000000
tick,image_0027.jpg,0.999950,2422.000000
tick,image_0028.jpg,0.060810,2423.000000
tick,image_0029.jpg,0.970832,2423.000000
tick,image_0030.jpg,0.221267,2426.000000
tick,image_0031.jpg,0.874775,2435.000000
tick,image_0032.jpg,0.102828,2421.000000
tick,image_0033.jpg,0.636756,2432.000000
tick,image_0034.jpg,0.999340,2434.000000
tick,image_0035.jpg,0.542736,2434.000000
tick,image_0036.jpg,0.998966,2438.000000
tick,image_0037.jpg,0.676893,2469.000000
tick,image_0038.jpg,0.988654,2434.000000
tick,image_0039.jpg,0.994936,2433.000000
tick,image_0040.jpg,0.741251,2434.000000
tick,image_0041.jpg,0.735949,2439.000000
tick,image_0042.jpg,0.278761,2427.000000
tick,image_0043.jpg,0.970171,2430.000000
tick,image_0044.jpg,0.097330,2421.000000
tick,image_0045.jpg,0.271522,2420.000000
tick,image_0046.jpg,0.934523,2429.000000
tick,image_0047.jpg,0.999502,2436.000000
tick,image_0048.jpg,0.999719,2425.000000
tick,image_0049.jpg,0.914304,2435.000000
trilobite,image_0001.jpg,0.578097,2416.000000
trilobite,image_0002.jpg,0.999591,2432.000000
trilobite,image_0003.jpg,0.965320,2425.000000
trilobite,image_0004.jpg,0.600115,2434.000000
trilobite,image_0005.jpg,0.981037,2437.000000
trilobite,image_0006.jpg,0.000473,2417.000000
trilobite,image_0007.jpg,0.927848,2433.000000
trilobite,image_0008.jpg,0.997951,2415.000000
trilobite,image_0009.jpg,0.999542,2424.000000
trilobite,image_0010.jpg,0.916053,2433.000000
trilobite,image_0011.jpg,0.510188,2422.000000
trilobite,image_0012.jpg,0.628727,2412.000000
trilobite,image_0013.jpg,0.953450,2430.000000
trilobite,image_0014.jpg,0.027430,2420.000000
trilobite,image_0015.jpg,0.889197,2421.000000
trilobite,image_0016.jpg,0.016162,2430.000000
trilobite,image_0017.jpg,0.824115,2433.000000
trilobite,image_0018.jpg,0.887906,2425.000000
trilobite,image_0019.jpg,0.640165,2414.000000
trilobite,image_0020.jpg,0.998351,2430.000000
trilobite,image_0021.jpg,0.843916,2418.000000
trilobite,image_0022.jpg,0.558507,2430.000000
trilobite,image_0023.jpg,0.846934,2413.000000
trilobite,image_0024.jpg,0.006548,2432.000000
trilobite,image_0025.jpg,0.989416,2434.000000
trilobite,image_0026.jpg,0.999828,2427.000000
trilobite,image_0027.jpg,0.997160,2435.000000
trilobite,image_0028.jpg,0.002896,2432.000000
trilobite,image_0029.jpg,0.040396,2423.000000
trilobite,image_0030.jpg,0.999830,2418.000000
trilobite,image_0031.jpg,0.650852,2432.000000
trilobite,image_0032.jpg,0.961197,2408.000000
trilobite,image_0033.jpg,0.400807,2433.000000
trilobite,image_0034.jpg,0.993440,2435.000000
trilobite,image_0035.jpg,0.839986,2418.000000
trilobite,image_0036.jpg,0.268649,2435.000000
trilobite,image_0037.jpg,0.253019,2428.000000
trilobite,image_0038.jpg,0.575893,2442.000000
trilobite,image_0039.jpg,0.998047,2421.000000
trilobite,image_0040.jpg,0.671495,2421.000000
trilobite,image_0041.jpg,0.964758,2430.000000
trilobite,image_0042.jpg,0.893717,2427.000000
trilobite,image_0043.jpg,0.134916,2429.000000
trilobite,image_0044.jpg,0.002228,2415.000000
trilobite,image_0045.jpg,0.506718,2430.000000
trilobite,image_0046.jpg,0.995956,2423.000000
trilobite,image_0047.jpg,0.995125,2432.000000
trilobite,image_0048.jpg,0.998747,2417.000000
trilobite,image_0049.jpg,0.001426,2416.000000
trilobite,image_0050.jpg,0.711701,2424.000000
trilobite,image_0051.jpg,0.061751,2421.000000
trilobite,image_0052.jpg,0.003585,2421.000000
trilobite,image_0053.jpg,0.080946,2418.000000
trilobite,image_0054.jpg,0.380416,2425.000000
trilobite,image_0055.jpg,0.434491,2417.000000
trilobite,image_0056.jpg,0.993770,2435.000000
trilobite,image_0057.jpg,0.049030,2424.000000
trilobite,image_0058.jpg,0.841027,2431.000000
trilobite,image_0059.jpg,0.963847,2419.000000
trilobite,image_0060.jpg,0.995911,2421.000000
trilobite,image_0061.jpg,0.103684,2420.000000
trilobite,image_0062.jpg,0.980262,2431.000000
trilobite,image_0063.jpg,0.044614,2413.000000
trilobite,image_0064.jpg,0.972572,2432.000000
trilobite,image_0065.jpg,0.972804,2433.000000
trilobite,image_0066.jpg,0.975003,2423.000000
trilobite,image_0067.jpg,0.999981,2431.000000
trilobite,image_0068.jpg,0.694055,2434.000000
trilobite,image_0069.jpg,0.051572,2420.000000
trilobite,image_0070.jpg,0.428239,2437.000000
trilobite,image_0071.jpg,0.997790,2424.000000
trilobite,image_0072.jpg,0.173039,2418.000000
trilobite,image_0073.jpg,0.681968,2421.000000
trilobite,image_0074.jpg,0.611589,2421.000000
trilobite,image_0075.jpg,0.736997,2431.000000
trilobite,image_0076.jpg,0.986722,2431.000000
trilobite,image_0077.jpg,0.002673,2424.000000
trilobite,image_0078.jpg,0.995356,2418.000000
trilobite,image_0079.jpg,0.998592,2422.000000
trilobite,image_0080.jpg,0.442994,2435.000000
trilobite,image_0081.jpg,0.944813,2414.000000
trilobite,image_0082.jpg,0.999756,2428.000000
trilobite,image_0083.jpg,0.999980,2422.000000
trilobite,image_0084.jpg,0.488215,2435.000000
trilobite,image_0085.jpg,0.954581,2434.000000
trilobite,image_0086.jpg,0.979989,2433.000000
umbrella,image_0001.jpg,0.298001,2424.000000
umbrella,image_0002.jpg,0.936867,2424.000000
umbrella,image_0003.jpg,0.058552,2432.000000
umbrella,image_0004.jpg,0.289861,2427.000000
umbrella,image_0005.jpg,0.133088,2418.000000
umbrella,image_0006.jpg,0.127858,2418.000000
umbrella,image_0007.jpg,0.384106,2439.000000
umbrella,image_0008.jpg,0.003967,2427.000000
umbrella,image_0009.jpg,0.500171,2425.000000
umbrella,image_0010.jpg,0.145563,2435.000000
umbrella,image_0011.jpg,0.197933,2435.000000
umbrella,image_0012.jpg,0.590731,2421.000000
umbrella,image_0013.jpg,0.018387,2429.000000
umbrella,image_0014.jpg,0.015481,2412.000000
umbrella,image_0015.jpg,0.038916,2438.000000
umbrella,image_0016.jpg,0.482613,2425.000000
umbrella,image_0017.jpg,0.025941,2422.000000
umbrella,image_0018.jpg,0.285289,2436.000000
umbrella,image_0019.jpg,0.000415,2417.000000
umbrella,image_0020.jpg,0.164225,2431.000000
umbrella,image_0021.jpg,0.001770,2436.000000
umbrella,image_0022.jpg,0.798873,2423.000000
umbrella,image_0023.jpg,0.017089,2437.000000
umbrella,image_0024.jpg,0.457755,2437.000000
umbrella,image_0025.jpg,0.441962,2427.000000
umbrella,image_0026.jpg,0.130447,2434.000000
umbrella,image_0027.jpg,0.285090,2427.000000
umbrella,image_0028.jpg,0.231908,2423.000000
umbrella,image_0029.jpg,0.411390,2473.000000
umbrella,image_0030.jpg,0.004493,2421.000000
umbrella,image_0031.jpg,0.895789,2432.000000
umbrella,image_0032.jpg,0.262231,2431.000000
umbrella,image_0033.jpg,0.275837,2420.000000
umbrella,image_0034.jpg,0.130661,2425.000000
umbrella,image_0035.jpg,0.240527,2427.000000
umbrella,image_0036.jpg,0.036122,2432.000000
umbrella,image_0037.jpg,0.848251,2424.000000
umbrella,image_0038.jpg,0.007267,2434.000000
umbrella,image_0039.jpg,0.165924,2440.000000
umbrella,image_0040.jpg,0.372477,2421.000000
umbrella,image_0041.jpg,0.025731,2420.000000
umbrella,image_0042.jpg,0.104351,2422.000000
umbrella,image_0043.jpg,0.643382,2431.000000
umbrella,image_0044.jpg,0.189313,2425.000000
umbrella,image_0045.jpg,0.227804,2433.000000
umbrella,image_0046.jpg,0.045144,2423.000000
umbrella,image_0047.jpg,0.584367,2431.000000
umbrella,image_0048.jpg,0.082515,2423.000000
umbrella,image_0049.jpg,0.482442,2431.000000
umbrella,image_0050.jpg,0.463399,2418.000000
umbrella,image_0051.jpg,0.221858,2433.000000
umbrella,image_0052.jpg,0.588459,2428.000000
umbrella,image_0053.jpg,0.488626,2423.000000
umbrella,image_0054.jpg,0.211204,2432.000000
umbrella,image_0055.jpg,0.000000,2422.000000
umbrella,image_0056.jpg,0.351289,2423.000000
umbrella,image_0057.jpg,0.081215,2427.000000
umbrella,image_0058.jpg,0.291209,2423.000000
umbrella,image_0059.jpg,0.012074,2432.000000
umbrella,image_0060.jpg,0.244699,2417.000000
umbrella,image_0061.jpg,0.180320,2443.000000
umbrella,image_0062.jpg,0.001047,2425.000000
umbrella,image_0063.jpg,0.728284,2428.000000
umbrella,image_0064.jpg,0.234499,2422.000000
umbrella,image_0065.jpg,0.339569,2435.000000
umbrella,image_0066.jpg,0.558736,2416.000000
umbrella,image_0067.jpg,0.001104,2421.000000
umbrella,image_0068.jpg,0.508908,2422.000000
umbrella,image_0069.jpg,0.067792,2421.000000
umbrella,image_0070.jpg,0.001504,2423.000000
umbrella,image_0071.jpg,0.403723,2423.000000
umbrella,image_0072.jpg,0.695304,2420.000000
umbrella,image_0073.jpg,0.497801,2415.000000
umbrella,image_0074.jpg,0.008058,2420.000000
umbrella,image_0075.jpg,0.025357,2424.000000
