accordion,image_0001.jpg,0.999952,11552.461
accordion,image_0002.jpg,0.998348,11486.553
accordion,image_0003.jpg,0.225146,11578.216
accordion,image_0004.jpg,0.999992,11550.004
accordion,image_0005.jpg,0.999629,11519.519
accordion,image_0006.jpg,0.999067,11563.256
accordion,image_0007.jpg,0.999961,11588.809
accordion,image_0008.jpg,0.00172143,11520.982
accordion,image_0009.jpg,0.875833,11535.79
accordion,image_0010.jpg,0.99952,11521.049
accordion,image_0011.jpg,0.396421,11510.854
accordion,image_0012.jpg,0.998947,11493.932
accordion,image_0013.jpg,0.707826,11523.754
accordion,image_0014.jpg,0.0267427,11524.079
accordion,image_0015.jpg,0.999895,11421.048
accordion,image_0016.jpg,0.999918,11548.612
accordion,image_0017.jpg,0.999813,11507.367
accordion,image_0018.jpg,0.974593,11461.189
accordion,image_0019.jpg,0.984354,11560.778
accordion,image_0020.jpg,0.999596,11490.163
accordion,image_0021.jpg,0.747808,10528.694
accordion,image_0022.jpg,0.177605,10585.741
accordion,image_0023.jpg,0.999293,10508.25
accordion,image_0024.jpg,0.99116,10579.11
accordion,image_0025.jpg,0.385995,10587.494
accordion,image_0026.jpg,0.999962,10596.039
accordion,image_0027.jpg,0.99998,10573.437
accordion,image_0028.jpg,0.994729,10586.424
accordion,image_0029.jpg,0.87901,10563.091
accordion,image_0030.jpg,0.791059,10620.81
accordion,image_0031.jpg,0.999661,10569.537
accordion,image_0032.jpg,0.999162,10598.128
accordion,image_0033.jpg,0.998953,10552.528
accordion,image_0034.jpg,0.999346,10524.684
accordion,image_0035.jpg,0.601539,10587.484
accordion,image_0036.jpg,0.973217,11367.645
accordion,image_0037.jpg,0.813904,11460.04
accordion,image_0038.jpg,0.928715,11487.147
accordion,image_0039.jpg,0.938365,11454.624
accordion,image_0040.jpg,0.234856,11505.883
accordion,image_0041.jpg,0.999958,11531.97
accordion,image_0042.jpg,0.993206,11490.507
accordion,image_0043.jpg,0.842428,11533.635
accordion,image_0044.jpg,0.877414,11502.179
accordion,image_0045.jpg,0.0628558,11486.227
accordion,image_0046.jpg,0.579993,11530.407
accordion,image_0047.jpg,0.109836,11572.16
accordion,image_0048.jpg,0.999547,11500.356
accordion,image_0049.jpg,0.998087,11554.276
accordion,image_0050.jpg,0.998106,11411.045
accordion,image_0051.jpg,0.546111,11440.891
accordion,image_0052.jpg,0.999561,11517.701
accordion,image_0053.jpg,0.131094,11521.401
accordion,image_0054.jpg,0.719706,11437.942
accordion,image_0055.jpg,0.924633,11376.027
ant,image_0001.jpg,2.20808e-05,10582.905
ant,image_0002.jpg,7.35756e-06,10579.898
ant,image_0003.jpg,5.12308e-05,10627.292
ant,image_0004.jpg,2.77006e-05,10597.769
ant,image_0005.jpg,2.12734e-05,10554.632
ant,image_0006.jpg,9.80742e-06,10544.494
ant,image_0007.jpg,7.81939e-06,11574.808
ant,image_0008.jpg,1.07504e-05,11514.702
ant,image_0009.jpg,1.70843e-05,11521.421
ant,image_0010.jpg,5.3214e-05,11456.569
ant,image_0011.jpg,5.32574e-07,11528.711
ant,image_0012.jpg,1.28173e-05,11514.764
ant,image_0013.jpg,2.09425e-05,11511.727
ant,image_0014.jpg,2.68017e-06,11493.977
ant,image_0015.jpg,3.19044e-05,11552.263
ant,image_0016.jpg,3.38925e-05,11460.104
ant,image_0017.jpg,6.64321e-05,11547.992
ant,image_0018.jpg,9.07341e-06,11485.427
ant,image_0019.jpg,6.606e-06,11531.722
ant,image_0020.jpg,8.52712e-06,11529.228
ant,image_0021.jpg,1.43403e-05,11426.348
ant,image_0022.jpg,1.94667e-05,11536.57
ant,image_0023.jpg,4.14209e-05,11497.954
ant,image_0024.jpg,2.78687e-05,11505.524
ant,image_0025.jpg,8.25417e-06,11496.145
ant,image_0026.jpg,3.51737e-05,11428.146
ant,image_0027.jpg,9.9718e-06,11573.93
ant,image_0028.jpg,8.79505e-06,10598.142
ant,image_0029.jpg,7.65171e-06,10587.293
ant,image_0030.jpg,2.92136e-05,10602.841
ant,image_0031.jpg,8.09238e-06,10592.087
ant,image_0032.jpg,0.000106348,10581.55
ant,image_0033.jpg,3.57047e-06,10581.471
ant,image_0034.jpg,4.4621e-05,10551.261
ant,image_0035.jpg,1.27393e-05,10616.017
ant,image_0036.jpg,3.78773e-05,10557.283
ant,image_0037.jpg,2.2076e-05,10594.091
ant,image_0038.jpg,5.18967e-05,10583.0
ant,image_0039.jpg,6.71805e-06,10572.385
ant,image_0040.jpg,2.14318e-05,10621.524
ant,image_0041.jpg,1.50503e-06,10596.496
ant,image_0042.jpg,2.33994e-05,10578.846
barrel,image_0001.jpg,0.00498566,10583.721
barrel,image_0002.jpg,6.26543e-05,10591.015
barrel,image_0003.jpg,0.00691657,10582.002
barrel,image_0004.jpg,0.000298137,10604.89
barrel,image_0005.jpg,0.000681296,10587.003
barrel,image_0006.jpg,0.000513991,10590.18
barrel,image_0007.jpg,0.00176743,10569.55
barrel,image_0008.jpg,0.000565736,10597.014
barrel,image_0009.jpg,0.000483036,10588.168
barrel,image_0010.jpg,0.000453991,10618.181
barrel,image_0011.jpg,7.59546e-05,10551.813
barrel,image_0012.jpg,7.27652e-05,10605.698
barrel,image_0013.jpg,0.00125121,10624.528
barrel,image_0014.jpg,9.42556e-05,10570.832
barrel,image_0015.jpg,0.000111028,11554.735
barrel,image_0016.jpg,0.000396309,11497.843
barrel,image_0017.jpg,0.000222213,11522.59
barrel,image_0018.jpg,0.00840174,11518.133
barrel,image_0019.jpg,1.11196e-05,11571.308
barrel,image_0020.jpg,0.000216565,11450.606
barrel,image_0021.jpg,0.0189947,11583.461
barrel,image_0022.jpg,0.000554244,11481.857
barrel,image_0023.jpg,0.0014406,11564.7
barrel,image_0024.jpg,0.013654,11359.368
barrel,image_0025.jpg,0.000183264,11517.114
barrel,image_0026.jpg,0.00131302,11544.857
barrel,image_0027.jpg,0.00284486,11526.081
barrel,image_0028.jpg,0.00159024,11509.998
barrel,image_0029.jpg,0.0048926,11454.453
barrel,image_0030.jpg,0.00130755,11565.64
barrel,image_0031.jpg,0.0554777,11513.256
barrel,image_0032.jpg,0.000169208,11530.156
barrel,image_0033.jpg,0.000626744,11515.619
barrel,image_0034.jpg,0.000648082,11499.713
barrel,image_0035.jpg,0.00180878,11507.185
barrel,image_0036.jpg,0.000169482,11503.249
barrel,image_0037.jpg,0.000313974,10628.72
barrel,image_0038.jpg,0.000353695,10585.624
barrel,image_0039.jpg,6.77446e-05,10592.696
barrel,image_0040.jpg,0.00035361,10588.636
barrel,image_0041.jpg,0.000935273,10581.748
barrel,image_0042.jpg,0.00101549,10528.074
barrel,image_0043.jpg,0.000446206,10567.286
barrel,image_0044.jpg,0.011812,10513.864
barrel,image_0045.jpg,0.000761741,10596.519
barrel,image_0046.jpg,0.000349022,10582.993
barrel,image_0047.jpg,0.000111355,10618.523
beaver,image_0001.jpg,0.11821,10578.722
beaver,image_0002.jpg,0.971872,10543.36
beaver,image_0003.jpg,0.41763,10549.065
beaver,image_0004.jpg,0.940166,10535.768
beaver,image_0005.jpg,0.950179,10595.544
beaver,image_0006.jpg,0.975033,10598.538
beaver,image_0007.jpg,0.951657,10626.785
beaver,image_0008.jpg,0.00962663,10559.164
beaver,image_0009.jpg,0.940207,10546.996
beaver,image_0010.jpg,0.979845,10472.691
beaver,image_0011.jpg,0.964384,10608.002
beaver,image_0012.jpg,0.0136785,10541.56
beaver,image_0013.jpg,0.0142604,10543.317
beaver,image_0014.jpg,0.848769,10591.743
beaver,image_0015.jpg,0.884046,10560.22
beaver,image_0016.jpg,0.952826,10588.912
beaver,image_0017.jpg,0.860216,10585.047
beaver,image_0018.jpg,0.336377,10559.933
beaver,image_0019.jpg,0.00047626,10602.184
beaver,image_0020.jpg,0.095347,10519.992
beaver,image_0021.jpg,0.692276,10592.643
beaver,image_0022.jpg,0.980278,10600.765
beaver,image_0023.jpg,0.959267,10591.569
beaver,image_0024.jpg,0.0966877,10565.267
beaver,image_0025.jpg,0.955253,10582.425
beaver,image_0026.jpg,0.915706,10586.171
beaver,image_0027.jpg,0.80848,10621.733
beaver,image_0028.jpg,0.983768,10623.855
beaver,image_0029.jpg,0.987708,10542.881
beaver,image_0030.jpg,0.969448,10615.335
beaver,image_0031.jpg,0.790414,10562.029
beaver,image_0032.jpg,6.77314e-05,10628.438
beaver,image_0033.jpg,0.87303,10557.16
beaver,image_0034.jpg,0.971085,10593.396
beaver,image_0035.jpg,0.987314,10561.94
beaver,image_0036.jpg,0.014796,10566.766
beaver,image_0037.jpg,0.908047,10549.115
beaver,image_0038.jpg,0.0205096,10588.813
beaver,image_0039.jpg,0.000111495,10569.408
beaver,image_0040.jpg,0.878777,10596.197
beaver,image_0041.jpg,0.0147652,10566.825
beaver,image_0042.jpg,0.80725,10580.805
beaver,image_0043.jpg,0.0051438,10583.906
beaver,image_0044.jpg,0.945463,10545.171
beaver,image_0045.jpg,0.732656,11533.53
beaver,image_0046.jpg,0.918965,11535.328
binoculars,image_0001.jpg,0.926797,11507.644
binoculars,image_0002.jpg,0.999489,11558.83
binoculars,image_0003.jpg,0.99977,11527.364
binoculars,image_0004.jpg,0.985248,11542.165
binoculars,image_0005.jpg,0.913292,11492.02
binoculars,image_0006.jpg,0.398894,11530.49
binoculars,image_0007.jpg,0.932252,11553.076
binoculars,image_0008.jpg,0.978402,11496.567
binoculars,image_0009.jpg,0.990996,11455.71
binoculars,image_0010.jpg,0.999953,11507.896
binoculars,image_0011.jpg,0.952291,11502.386
binoculars,image_0012.jpg,0.997692,11456.049
binoculars,image_0013.jpg,0.998887,11503.876
binoculars,image_0014.jpg,0.997143,11551.501
binoculars,image_0015.jpg,0.999969,10947.57
binoculars,image_0016.jpg,0.998069,10540.502
binoculars,image_0017.jpg,0.876832,10546.06
binoculars,image_0018.jpg,0.981623,10555.229
binoculars,image_0019.jpg,0.973756,10576.849
binoculars,image_0020.jpg,0.997504,10559.64
binoculars,image_0021.jpg,0.999666,10581.021
binoculars,image_0022.jpg,0.998744,10533.229
binoculars,image_0023.jpg,0.973336,10536.347
binoculars,image_0024.jpg,0.994772,10615.75
binoculars,image_0025.jpg,0.0589828,10551.481
binoculars,image_0026.jpg,0.994703,10630.407
binoculars,image_0027.jpg,0.720674,10622.643
binoculars,image_0028.jpg,0.999463,10574.361
binoculars,image_0029.jpg,0.996036,10559.825
binoculars,image_0030.jpg,0.911692,10581.122
binoculars,image_0031.jpg,0.855175,10591.95
binoculars,image_0032.jpg,0.603585,10586.242
binoculars,image_0033.jpg,0.988253,10646.947
cannon,image_0001.jpg,0.179204,10503.723
cannon,image_0002.jpg,0.00158779,10553.229
cannon,image_0003.jpg,0.0622114,10528.056
cannon,image_0004.jpg,0.707498,10529.828
cannon,image_0005.jpg,0.3907,10549.102
cannon,image_0006.jpg,0.902651,10583.649
cannon,image_0007.jpg,0.0173158,10566.502
cannon,image_0008.jpg,0.987973,10592.436
cannon,image_0009.jpg,0.0995159,10584.027
cannon,image_0010.jpg,0.210504,10542.253
cannon,image_0011.jpg,0.934316,10576.218
cannon,image_0012.jpg,0.81595,10564.514
cannon,image_0013.jpg,0.420846,10557.67
cannon,image_0014.jpg,0.852608,10586.562
cannon,image_0015.jpg,0.979813,10567.459
cannon,image_0016.jpg,0.943712,10613.379
cannon,image_0017.jpg,0.861572,10588.928
cannon,image_0018.jpg,0.313955,10559.432
cannon,image_0019.jpg,0.973714,10553.135
cannon,image_0020.jpg,0.986895,10545.258
cannon,image_0021.jpg,0.652968,10582.892
cannon,image_0022.jpg,0.00305317,10567.62
cannon,image_0023.jpg,0.626908,10601.71
cannon,image_0024.jpg,0.106208,10604.608
cannon,image_0025.jpg,0.378077,10543.595
cannon,image_0026.jpg,0.949475,10539.037
cannon,image_0027.jpg,0.00103192,10595.809
cannon,image_0028.jpg,0.112227,10561.329
cannon,image_0029.jpg,0.0878209,10551.886
cannon,image_0030.jpg,0.884464,10580.611
cannon,image_0031.jpg,0.985793,10560.0
cannon,image_0032.jpg,0.0507137,10509.269
cannon,image_0033.jpg,0.962399,10583.894
cannon,image_0034.jpg,0.902394,10612.074
cannon,image_0035.jpg,0.899846,10549.137
cannon,image_0036.jpg,0.118901,10572.238
cannon,image_0037.jpg,0.00281801,10562.074
cannon,image_0038.jpg,0.964277,10515.178
cannon,image_0039.jpg,0.918695,10608.937
cannon,image_0040.jpg,0.996161,10554.514
cannon,image_0041.jpg,0.947829,10534.726
cannon,image_0042.jpg,0.654489,10533.465
cannon,image_0043.jpg,0.988326,10551.967
crayfish,image_0001.jpg,0.00153907,10595.38
crayfish,image_0002.jpg,0.168443,10609.403
crayfish,image_0003.jpg,0.0270149,10580.552
crayfish,image_0004.jpg,0.0240149,10564.889
crayfish,image_0005.jpg,0.0081201,10637.81
crayfish,image_0006.jpg,0.00450574,10570.742
crayfish,image_0007.jpg,0.056496,10509.82
crayfish,image_0008.jpg,0.0487381,10507.552
crayfish,image_0009.jpg,0.029943,10568.494
crayfish,image_0010.jpg,0.0191993,10601.973
crayfish,image_0011.jpg,0.00108631,10572.443
crayfish,image_0012.jpg,0.239973,10583.942
crayfish,image_0013.jpg,0.0162036,10507.074
crayfish,image_0014.jpg,0.00818115,10598.908
crayfish,image_0015.jpg,0.0266682,10623.382
crayfish,image_0016.jpg,0.0828309,10567.448
crayfish,image_0017.jpg,0.055475,10567.299
crayfish,image_0018.jpg,0.0124436,10548.009
crayfish,image_0019.jpg,0.00184076,10599.134
crayfish,image_0020.jpg,0.00259486,10554.588
crayfish,image_0021.jpg,0.115552,10599.312
crayfish,image_0022.jpg,0.0227904,10601.437
crayfish,image_0023.jpg,0.00143777,10566.831
crayfish,image_0024.jpg,0.00535353,10563.008
crayfish,image_0025.jpg,0.00939728,11380.018
crayfish,image_0026.jpg,0.187388,11528.112
crayfish,image_0027.jpg,0.0176983,11563.564
crayfish,image_0028.jpg,0.00544883,11556.076
crayfish,image_0029.jpg,0.00139248,11524.56
crayfish,image_0030.jpg,0.0371392,11454.621
crayfish,image_0031.jpg,0.112124,11561.98
crayfish,image_0032.jpg,0.121784,11460.916
crayfish,image_0033.jpg,0.060405,11492.175
crayfish,image_0034.jpg,0.00446235,11562.585
crayfish,image_0035.jpg,0.145058,11462.214
crayfish,image_0036.jpg,0.0111699,11470.997
crayfish,image_0037.jpg,0.00846453,11470.333
crayfish,image_0038.jpg,0.0409138,11476.248
crayfish,image_0039.jpg,0.0172329,11481.865
crayfish,image_0040.jpg,0.0330252,11576.476
crayfish,image_0041.jpg,0.0896533,11521.756
crayfish,image_0042.jpg,0.0783945,11536.424
crayfish,image_0043.jpg,0.0582689,11523.468
crayfish,image_0044.jpg,0.0118328,11494.679
crayfish,image_0045.jpg,0.146425,11511.506
crayfish,image_0046.jpg,0.054654,10567.937
crayfish,image_0047.jpg,0.00897155,10581.582
crayfish,image_0048.jpg,0.0359771,10540.932
crayfish,image_0049.jpg,0.00581483,10567.404
crayfish,image_0050.jpg,0.078217,10633.592
crayfish,image_0051.jpg,0.0136571,10576.577
crayfish,image_0052.jpg,0.0213864,10593.547
crayfish,image_0053.jpg,0.000150047,10575.521
crayfish,image_0054.jpg,0.000856651,10600.317
crayfish,image_0055.jpg,0.0362795,10562.905
crayfish,image_0056.jpg,0.168622,10581.245
crayfish,image_0057.jpg,0.158269,10559.939
crayfish,image_0058.jpg,0.00594339,10588.657
crayfish,image_0059.jpg,0.00440994,10556.185
crayfish,image_0060.jpg,0.000581486,10526.793
crayfish,image_0061.jpg,0.0432937,10608.527
crayfish,image_0062.jpg,0.0107243,10527.565
crayfish,image_0063.jpg,0.00670773,10539.63
crayfish,image_0064.jpg,0.0175981,10612.311
crayfish,image_0065.jpg,0.217724,10613.778
crayfish,image_0066.jpg,0.00346008,10573.452
crayfish,image_0067.jpg,0.126394,10581.843
crayfish,image_0068.jpg,0.0922881,10599.824
crayfish,image_0069.jpg,0.323683,10611.757
crayfish,image_0070.jpg,0.000987391,10621.874
cup,image_0001.jpg,1.11889e-05,10580.701
cup,image_0002.jpg,0.000113306,10569.521
cup,image_0003.jpg,5.85228e-05,10580.259
cup,image_0004.jpg,0.000159825,10540.851
cup,image_0005.jpg,0.000195877,10544.764
cup,image_0006.jpg,8.26546e-05,10577.212
cup,image_0007.jpg,1.59576e-05,10553.683
cup,image_0008.jpg,0.000268123,10561.984
cup,image_0009.jpg,0.00125436,10596.796
cup,image_0010.jpg,0.000187118,10578.419
cup,image_0011.jpg,5.45524e-05,10564.56
cup,image_0012.jpg,0.000718737,10582.433
cup,image_0013.jpg,8.03309e-05,10563.534
cup,image_0014.jpg,0.000143265,10608.768
cup,image_0015.jpg,0.000102523,10566.631
cup,image_0016.jpg,0.000131936,10600.936
cup,image_0017.jpg,3.12479e-05,10557.557
cup,image_0018.jpg,0.000808096,10554.176
cup,image_0019.jpg,8.41062e-05,10578.043
cup,image_0020.jpg,0.000121582,10555.975
cup,image_0021.jpg,7.64474e-05,10625.044
cup,image_0022.jpg,0.00242281,10531.292
cup,image_0023.jpg,0.000367084,10548.467
cup,image_0024.jpg,5.78993e-05,10570.53
cup,image_0025.jpg,5.88711e-05,10548.769
cup,image_0026.jpg,1.18069e-05,10530.029
cup,image_0027.jpg,0.000226744,10570.581
cup,image_0028.jpg,0.000173063,10575.755
cup,image_0029.jpg,0.000141685,10567.065
cup,image_0030.jpg,0.000311884,11552.519
cup,image_0031.jpg,0.000563562,11445.435
cup,image_0032.jpg,0.000151733,11578.051
cup,image_0033.jpg,8.51144e-05,11508.36
cup,image_0034.jpg,4.23232e-05,11586.614
cup,image_0035.jpg,1.85022e-05,11541.105
cup,image_0036.jpg,0.00171369,11533.732
cup,image_0037.jpg,0.000476161,11495.674
cup,image_0038.jpg,0.000264392,11499.134
cup,image_0039.jpg,8.15005e-05,11503.421
cup,image_0040.jpg,6.66586e-05,11455.907
cup,image_0041.jpg,2.4485e-05,11489.169
cup,image_0042.jpg,0.000462924,11486.469
cup,image_0043.jpg,3.33878e-05,11452.089
cup,image_0044.jpg,0.00019778,11554.431
cup,image_0045.jpg,0.000519791,11505.547
cup,image_0046.jpg,1.69885e-05,11534.318
cup,image_0047.jpg,3.98952e-05,11397.471
cup,image_0048.jpg,0.00024977,11512.026
cup,image_0049.jpg,0.000150673,11478.992
cup,image_0050.jpg,0.000681308,10547.669
cup,image_0051.jpg,8.4675e-05,10575.421
cup,image_0052.jpg,2.37496e-05,10516.894
cup,image_0053.jpg,3.86047e-05,10611.38
cup,image_0054.jpg,0.000248971,10602.872
cup,image_0055.jpg,0.000221015,10616.953
cup,image_0056.jpg,0.000494469,10540.654
cup,image_0057.jpg,1.07081e-05,10533.522
dalmatian,image_0001.jpg,0.975177,10622.823
dalmatian,image_0002.jpg,0.930011,10616.532
dalmatian,image_0003.jpg,0.977285,10595.384
dalmatian,image_0004.jpg,0.984787,10547.567
dalmatian,image_0005.jpg,0.936152,10562.575
dalmatian,image_0006.jpg,0.909787,10566.372
dalmatian,image_0007.jpg,0.934101,10535.084
dalmatian,image_0008.jpg,0.983379,10594.749
dalmatian,image_0009.jpg,0.944206,10572.585
dalmatian,image_0010.jpg,0.9755,10581.329
dalmatian,image_0011.jpg,0.962946,10621.194
dalmatian,image_0012.jpg,0.809401,10565.479
dalmatian,image_0013.jpg,0.987256,10538.81
dalmatian,image_0014.jpg,0.958059,10514.392
dalmatian,image_0015.jpg,0.983798,10547.996
dalmatian,image_0016.jpg,0.927854,10586.291
dalmatian,image_0017.jpg,0.970831,10596.943
dalmatian,image_0018.jpg,0.864271,10573.2
dalmatian,image_0019.jpg,0.969731,10603.034
dalmatian,image_0020.jpg,0.962133,10602.694
dalmatian,image_0021.jpg,0.886772,10592.445
dalmatian,image_0022.jpg,0.97851,10529.472
dalmatian,image_0023.jpg,0.980548,10519.911
dalmatian,image_0024.jpg,0.945796,10578.624
dalmatian,image_0025.jpg,0.970235,10580.364
dalmatian,image_0026.jpg,0.99162,10605.836
dalmatian,image_0027.jpg,0.992857,10549.769
dalmatian,image_0028.jpg,0.966907,10603.53
dalmatian,image_0029.jpg,0.988576,10581.896
dalmatian,image_0030.jpg,0.939092,10612.361
dalmatian,image_0031.jpg,0.891231,10546.459
dalmatian,image_0032.jpg,0.968579,10596.771
dalmatian,image_0033.jpg,0.957441,10597.155
dalmatian,image_0034.jpg,0.985233,10584.215
dalmatian,image_0035.jpg,0.996283,10581.977
dalmatian,image_0036.jpg,0.956949,10591.618
dalmatian,image_0037.jpg,0.968208,10576.1
dalmatian,image_0038.jpg,0.991486,10575.679
dalmatian,image_0039.jpg,0.982421,10546.376
dalmatian,image_0040.jpg,0.98764,10579.481
dalmatian,image_0041.jpg,0.994481,10577.417
dalmatian,image_0042.jpg,0.937243,10554.567
dalmatian,image_0043.jpg,0.98027,10586.396
dalmatian,image_0044.jpg,0.968632,10575.64
dalmatian,image_0045.jpg,0.917514,10585.475
dalmatian,image_0046.jpg,0.986594,10594.334
dalmatian,image_0047.jpg,0.483533,10556.233
dalmatian,image_0048.jpg,0.876052,10607.797
dalmatian,image_0049.jpg,0.955721,10614.702
dalmatian,image_0050.jpg,0.913927,10595.851
dalmatian,image_0051.jpg,0.526377,10586.541
dalmatian,image_0052.jpg,0.895251,10574.128
dalmatian,image_0053.jpg,0.963568,10586.789
dalmatian,image_0054.jpg,0.981676,10592.442
dalmatian,image_0055.jpg,0.972001,10567.973
dalmatian,image_0056.jpg,0.997546,10543.264
dalmatian,image_0057.jpg,0.0161923,10625.877
dalmatian,image_0058.jpg,0.95249,10625.609
dalmatian,image_0059.jpg,0.987222,10607.643
dalmatian,image_0060.jpg,0.930078,10580.524
dalmatian,image_0061.jpg,0.92379,10588.643
dalmatian,image_0062.jpg,0.949585,10633.485
dalmatian,image_0063.jpg,0.94601,10602.471
dalmatian,image_0064.jpg,0.940751,10608.383
dalmatian,image_0065.jpg,0.910761,10564.265
dalmatian,image_0066.jpg,0.000187622,10580.409
dalmatian,image_0067.jpg,0.901999,10603.437
dragonfly,image_0001.jpg,0.220867,10599.488
dragonfly,image_0002.jpg,0.0575631,10589.598
dragonfly,image_0003.jpg,0.0448824,10539.337
dragonfly,image_0004.jpg,0.0127549,10588.977
dragonfly,image_0005.jpg,0.00110533,10547.241
dragonfly,image_0006.jpg,0.00217961,10564.12
dragonfly,image_0007.jpg,0.181442,10602.126
dragonfly,image_0008.jpg,0.0236502,10574.44
dragonfly,image_0009.jpg,0.417748,10521.876
dragonfly,image_0010.jpg,0.951558,10556.985
dragonfly,image_0011.jpg,0.00970108,10618.156
dragonfly,image_0012.jpg,0.684611,10535.348
dragonfly,image_0013.jpg,0.911284,10644.56
dragonfly,image_0014.jpg,0.850216,10636.013
dragonfly,image_0015.jpg,0.992259,10565.485
dragonfly,image_0016.jpg,0.00146297,10554.161
dragonfly,image_0017.jpg,0.770417,10611.107
dragonfly,image_0018.jpg,0.0149065,10552.705
dragonfly,image_0019.jpg,0.149914,10622.902
dragonfly,image_0020.jpg,0.00857104,10630.669
dragonfly,image_0021.jpg,0.896155,10560.751
dragonfly,image_0022.jpg,0.0573179,10541.027
dragonfly,image_0023.jpg,0.00321385,10597.335
dragonfly,image_0024.jpg,0.0029358,10616.834
dragonfly,image_0025.jpg,0.788428,10557.464
dragonfly,image_0026.jpg,0.00502596,10592.166
dragonfly,image_0027.jpg,0.287833,10542.704
dragonfly,image_0028.jpg,0.377316,10583.378
dragonfly,image_0029.jpg,0.000537673,10601.649
dragonfly,image_0030.jpg,0.23857,10597.714
dragonfly,image_0031.jpg,0.0205439,10563.517
dragonfly,image_0032.jpg,0.427649,10616.552
dragonfly,image_0033.jpg,0.000843087,10613.473
dragonfly,image_0034.jpg,0.000545205,10649.152
dragonfly,image_0035.jpg,0.00229801,11555.386
dragonfly,image_0036.jpg,0.000340354,11538.86
dragonfly,image_0037.jpg,0.00278156,11540.032
dragonfly,image_0038.jpg,0.624138,11570.71
dragonfly,image_0039.jpg,0.696266,11523.649
dragonfly,image_0040.jpg,0.742176,11540.171
dragonfly,image_0041.jpg,0.0188027,11483.379
dragonfly,image_0042.jpg,0.981703,11506.036
dragonfly,image_0043.jpg,0.00193921,11581.165
dragonfly,image_0044.jpg,0.100191,11590.102
dragonfly,image_0045.jpg,0.0355349,11550.055
dragonfly,image_0046.jpg,0.943393,11492.624
dragonfly,image_0047.jpg,0.00503494,11564.42
dragonfly,image_0048.jpg,0.656476,11506.034
dragonfly,image_0049.jpg,0.00247718,11533.447
dragonfly,image_0050.jpg,0.944083,11499.841
dragonfly,image_0051.jpg,0.000432015,11476.583
dragonfly,image_0052.jpg,0.451144,11535.123
dragonfly,image_0053.jpg,0.000110764,11540.273
dragonfly,image_0054.jpg,0.000225578,11571.757
dragonfly,image_0055.jpg,0.984108,10574.275
dragonfly,image_0056.jpg,0.0333369,10542.559
dragonfly,image_0057.jpg,0.566407,10601.433
dragonfly,image_0058.jpg,0.911867,10591.709
dragonfly,image_0059.jpg,0.0097974,10544.232
dragonfly,image_0060.jpg,0.816052,10548.951
dragonfly,image_0061.jpg,0.911361,10568.652
dragonfly,image_0062.jpg,0.848999,10504.496
dragonfly,image_0063.jpg,0.0338012,10607.473
dragonfly,image_0064.jpg,0.817317,10569.844
dragonfly,image_0065.jpg,0.0832359,10611.753
dragonfly,image_0066.jpg,0.849629,10593.184
dragonfly,image_0067.jpg,0.832877,10575.837
dragonfly,image_0068.jpg,0.880259,10590.35
pitcher,image_0001.jpg,0.585766,10570.083
pitcher,image_0002.jpg,0.229008,10572.12
pitcher,image_0003.jpg,0.14327,10600.384
pitcher,image_0004.jpg,0.229414,10552.863
pitcher,image_0005.jpg,0.0973889,10591.235
pitcher,image_0006.jpg,0.00707746,10542.549
pitcher,image_0007.jpg,0.0675261,10552.309
pitcher,image_0008.jpg,0.0803794,10608.017
pitcher,image_0009.jpg,0.432494,10577.954
pitcher,image_0010.jpg,0.463118,10588.857
pitcher,image_0011.jpg,0.349727,10578.071
pitcher,image_0012.jpg,0.38417,10587.751
pitcher,image_0013.jpg,0.585546,10574.041
pitcher,image_0014.jpg,0.269774,10606.143
pitcher,image_0015.jpg,0.424592,10613.889
pitcher,image_0016.jpg,0.503136,10541.19
pitcher,image_0017.jpg,0.231838,10593.658
pitcher,image_0018.jpg,0.603613,10578.796
pitcher,image_0019.jpg,0.501402,10559.179
pitcher,image_0020.jpg,0.342531,10590.532
pitcher,image_0021.jpg,0.712052,10598.14
pitcher,image_0022.jpg,0.578709,10602.69
pitcher,image_0023.jpg,0.230649,10586.239
pitcher,image_0024.jpg,0.293683,10577.084
pitcher,image_0025.jpg,0.255166,10574.094
pitcher,image_0026.jpg,0.847859,10587.466
pitcher,image_0027.jpg,0.670172,10607.059
pitcher,image_0028.jpg,0.384635,10480.072
pitcher,image_0029.jpg,0.752703,10589.575
pitcher,image_0030.jpg,0.551636,10529.586
pitcher,image_0031.jpg,0.443588,10585.786
pitcher,image_0032.jpg,0.23695,10567.619
pitcher,image_0033.jpg,0.720904,10587.655
pitcher,image_0034.jpg,0.334188,10630.176
pitcher,image_0035.jpg,0.45863,10588.179
pitcher,image_0036.jpg,0.577649,10596.479
pitcher,image_0037.jpg,0.88125,10621.303
pitcher,image_0038.jpg,0.778742,10548.492
pitcher,image_0039.jpg,0.233964,10585.91
pitcher,image_0040.jpg,0.651595,10559.709
pitcher,image_0041.jpg,0.374058,10566.65
pitcher,image_0042.jpg,0.46591,10578.05
pitcher,image_0043.jpg,0.628586,10604.272
pitcher,image_0044.jpg,0.771457,10542.04
pitcher,image_0045.jpg,0.554996,10579.785
pitcher,image_0046.jpg,0.0654319,10556.014
pitcher,image_0047.jpg,0.523225,10588.877
pitcher,image_0048.jpg,0.696074,10602.929
pitcher,image_0049.jpg,0.231176,10568.424
pitcher,image_0050.jpg,0.678338,10610.295
pitcher,image_0051.jpg,0.826928,10544.574
pitcher,image_0052.jpg,0.507969,10565.963
pitcher,image_0053.jpg,0.454372,10601.767
pitcher,image_0054.jpg,0.648887,10552.036
pitcher,image_0055.jpg,0.237633,10556.992
pitcher,image_0056.jpg,0.480185,10606.514
pitcher,image_0057.jpg,0.57101,10553.52
pitcher,image_0058.jpg,0.181646,10506.967
pitcher,image_0059.jpg,0.559813,10560.884
pitcher,image_0060.jpg,0.606893,10572.144
pitcher,image_0061.jpg,0.549244,10549.47
pitcher,image_0062.jpg,0.171786,10590.654
pitcher,image_0063.jpg,0.236422,10588.404
pitcher,image_0064.jpg,0.100215,10584.61
pitcher,image_0065.jpg,0.0368964,10538.537
pitcher,image_0066.jpg,0.210962,10578.966
pitcher,image_0067.jpg,0.870417,10577.332
pitcher,image_0068.jpg,0.674519,10612.65
pitcher,image_0069.jpg,0.702148,10568.765
pitcher,image_0070.jpg,0.100976,10555.602
pitcher,image_0071.jpg,0.0792917,10601.961
pitcher,image_0072.jpg,0.0479197,10564.368
pitcher,image_0073.jpg,0.335393,10567.551
pitcher,image_0074.jpg,0.620597,10538.577
pitcher,image_0075.jpg,0.516932,10546.3
pitcher,image_0076.jpg,0.349035,10535.273
pitcher,image_0077.jpg,0.196059,10556.682
pitcher,image_0078.jpg,0.335887,10568.572
pitcher,image_0079.jpg,0.032783,10573.923
pitcher,image_0080.jpg,0.391693,10583.233
pitcher,image_0081.jpg,0.334531,10581.983
pitcher,image_0082.jpg,0.0231969,10587.897
pitcher,image_0083.jpg,0.521516,10560.768
pitcher,image_0084.jpg,0.673611,10576.157
pitcher,image_0085.jpg,0.688687,10633.99
flamingo,image_0001.jpg,0.00701949,10568.893
flamingo,image_0002.jpg,0.167245,10592.225
flamingo,image_0003.jpg,0.973825,10485.448
flamingo,image_0004.jpg,0.880539,10554.218
flamingo,image_0005.jpg,0.911159,10601.689
flamingo,image_0006.jpg,0.00955703,10600.241
flamingo,image_0007.jpg,0.0143583,10537.955
flamingo,image_0008.jpg,0.526019,10602.25
flamingo,image_0009.jpg,0.00204817,10576.404
flamingo,image_0010.jpg,0.873448,10587.041
flamingo,image_0011.jpg,0.891525,10556.909
flamingo,image_0012.jpg,0.723973,10550.451
flamingo,image_0013.jpg,0.895283,10626.397
flamingo,image_0014.jpg,0.274144,10600.639
flamingo,image_0015.jpg,0.967241,10500.451
flamingo,image_0016.jpg,0.937837,10604.707
flamingo,image_0017.jpg,0.90946,10556.15
flamingo,image_0018.jpg,0.923035,10611.61
flamingo,image_0019.jpg,0.0670793,10565.303
flamingo,image_0020.jpg,0.886779,10565.324
flamingo,image_0021.jpg,0.935116,10556.899
flamingo,image_0022.jpg,0.01377,10541.404
flamingo,image_0023.jpg,0.873907,10596.609
flamingo,image_0024.jpg,0.96674,10563.426
flamingo,image_0025.jpg,0.931122,10523.751
flamingo,image_0026.jpg,0.932222,10588.898
flamingo,image_0027.jpg,0.630617,10543.844
flamingo,image_0028.jpg,0.9696,10595.62
flamingo,image_0029.jpg,0.00134389,10604.952
flamingo,image_0030.jpg,0.00228857,10586.73
flamingo,image_0031.jpg,0.0163881,10566.074
flamingo,image_0032.jpg,0.640677,10556.412
flamingo,image_0033.jpg,0.912374,10595.907
flamingo,image_0034.jpg,0.338378,10605.324
flamingo,image_0035.jpg,0.960883,10602.037
flamingo,image_0036.jpg,0.863036,10552.984
flamingo,image_0037.jpg,0.942038,10590.979
flamingo,image_0038.jpg,0.830037,10603.703
flamingo,image_0039.jpg,0.825426,10577.987
flamingo,image_0040.jpg,0.928593,10556.857
flamingo,image_0041.jpg,0.271716,10536.059
flamingo,image_0042.jpg,0.94608,10587.91
flamingo,image_0043.jpg,0.89635,10570.366
flamingo,image_0044.jpg,0.841217,10577.082
flamingo,image_0045.jpg,0.927791,10572.197
flamingo,image_0046.jpg,0.949792,10585.883
flamingo,image_0047.jpg,0.938492,10567.508
flamingo,image_0048.jpg,0.889103,10593.462
flamingo,image_0049.jpg,0.907297,10575.775
flamingo,image_0050.jpg,0.0852908,10569.663
flamingo,image_0051.jpg,0.950655,10579.362
flamingo,image_0052.jpg,0.637713,10552.566
flamingo,image_0053.jpg,0.872185,10544.528
flamingo,image_0054.jpg,0.923958,10547.767
flamingo,image_0055.jpg,0.248346,10592.243
flamingo,image_0056.jpg,0.925796,10566.461
flamingo,image_0057.jpg,0.703632,10581.382
flamingo,image_0058.jpg,0.0168785,10534.132
flamingo,image_0059.jpg,0.935876,10578.438
flamingo,image_0060.jpg,0.0227082,10570.659
flamingo,image_0061.jpg,0.0272418,10614.083
flamingo,image_0062.jpg,0.973328,10600.781
flamingo,image_0063.jpg,0.107664,10540.675
flamingo,image_0064.jpg,0.894339,10599.082
flamingo,image_0065.jpg,0.444624,10604.741
flamingo,image_0066.jpg,0.0681622,10529.818
flamingo,image_0067.jpg,0.143929,10627.591
wallaby,image_0001.jpg,0.747033,10613.436
wallaby,image_0002.jpg,0.963333,10605.732
wallaby,image_0003.jpg,0.710425,10544.189
wallaby,image_0004.jpg,0.984706,10602.357
wallaby,image_0005.jpg,0.803066,10585.784
wallaby,image_0006.jpg,0.816043,10556.169
wallaby,image_0007.jpg,0.837013,10625.224
wallaby,image_0008.jpg,0.977404,10597.381
wallaby,image_0009.jpg,0.919736,10519.368
wallaby,image_0010.jpg,0.946238,10576.853
wallaby,image_0011.jpg,0.157594,10599.472
wallaby,image_0012.jpg,0.0484182,10570.869
wallaby,image_0013.jpg,0.648317,10538.82
wallaby,image_0014.jpg,0.982987,10550.579
wallaby,image_0015.jpg,0.835853,10568.073
wallaby,image_0016.jpg,0.249914,10573.883
wallaby,image_0017.jpg,0.104196,10544.17
wallaby,image_0018.jpg,0.985432,10561.007
wallaby,image_0019.jpg,0.267398,10616.527
wallaby,image_0020.jpg,0.486665,10605.215
wallaby,image_0021.jpg,0.796755,10637.63
wallaby,image_0022.jpg,0.0222215,10638.345
wallaby,image_0023.jpg,0.579845,10598.559
wallaby,image_0024.jpg,0.746905,10627.188
wallaby,image_0025.jpg,0.677034,10577.914
wallaby,image_0026.jpg,0.965829,10614.651
wallaby,image_0027.jpg,0.529341,10592.197
wallaby,image_0028.jpg,0.0190541,10627.454
wallaby,image_0029.jpg,0.996056,10597.75
wallaby,image_0030.jpg,0.615738,10566.644
wallaby,image_0031.jpg,0.780881,10570.827
wallaby,image_0032.jpg,0.943299,10596.914
wallaby,image_0033.jpg,0.953581,10555.549
wallaby,image_0034.jpg,0.0889523,10615.501
wallaby,image_0035.jpg,0.934976,10591.98
wallaby,image_0036.jpg,0.585136,10558.037
wallaby,image_0037.jpg,0.139336,10569.511
wallaby,image_0038.jpg,0.975216,10553.245
wallaby,image_0039.jpg,0.934738,10583.49
wallaby,image_0040.jpg,0.687842,10585.484
wallaby,image_0041.jpg,0.981253,10578.366
wallaby,image_0042.jpg,0.895046,10569.986
wallaby,image_0043.jpg,0.935951,10572.135
wallaby,image_0044.jpg,0.386388,10619.823
wallaby,image_0045.jpg,0.916058,10578.05
wallaby,image_0046.jpg,0.499441,10629.655
wallaby,image_0047.jpg,0.252416,10561.339
wallaby,image_0048.jpg,0.682577,10543.058
wallaby,image_0049.jpg,0.908182,10599.584
wallaby,image_0050.jpg,0.945379,10641.702
wallaby,image_0051.jpg,0.96246,10571.53
wallaby,image_0052.jpg,0.252391,10617.165
wallaby,image_0053.jpg,0.980263,10614.193
wallaby,image_0054.jpg,0.256084,10592.745
wallaby,image_0055.jpg,0.947935,10579.896
wallaby,image_0056.jpg,0.697254,10617.374
wallaby,image_0057.jpg,0.903906,10565.931
wallaby,image_0058.jpg,0.903701,10582.587
wallaby,image_0059.jpg,0.941356,10559.414
wallaby,image_0060.jpg,0.0778452,10596.157
wallaby,image_0061.jpg,0.970032,10572.091
wallaby,image_0062.jpg,0.803412,10568.802
wallaby,image_0063.jpg,0.980218,10564.907
wallaby,image_0064.jpg,0.830606,10536.982
wallaby,image_0065.jpg,0.532233,10609.53
wallaby,image_0066.jpg,0.987613,10561.508
wallaby,image_0067.jpg,0.864193,10580.872
wallaby,image_0068.jpg,0.825758,10544.185
wallaby,image_0069.jpg,0.020799,10571.091
wallaby,image_0070.jpg,0.666071,10594.519
wallaby,image_0071.jpg,0.189223,10579.651
wallaby,image_0072.jpg,0.0618764,10548.675
wallaby,image_0073.jpg,0.0318052,10575.673
wallaby,image_0074.jpg,0.946032,10602.974
wallaby,image_0075.jpg,0.906311,10612.857
wallaby,image_0076.jpg,0.586799,10616.987
wallaby,image_0077.jpg,0.680992,10544.987
wallaby,image_0078.jpg,0.0206478,10566.523
wallaby,image_0079.jpg,0.993349,10604.226
wallaby,image_0080.jpg,0.922545,10604.762
wallaby,image_0081.jpg,0.857472,10567.025
wallaby,image_0082.jpg,0.644334,10542.242
wallaby,image_0083.jpg,0.866602,10588.167
wallaby,image_0084.jpg,0.916243,10559.02
wallaby,image_0085.jpg,0.0479943,10601.265
wallaby,image_0086.jpg,0.00383456,10531.079
laptop,image_0001.jpg,0.170368,10574.473
laptop,image_0002.jpg,0.350382,10511.097
laptop,image_0003.jpg,0.0921975,10589.478
laptop,image_0004.jpg,0.126468,10535.327
laptop,image_0005.jpg,0.129356,10600.38
laptop,image_0006.jpg,0.0696426,10562.715
laptop,image_0007.jpg,0.512789,10600.488
laptop,image_0008.jpg,0.202016,10583.587
laptop,image_0009.jpg,0.205159,10594.248
laptop,image_0010.jpg,0.472016,10575.089
laptop,image_0011.jpg,0.126162,10558.594
laptop,image_0012.jpg,0.175275,10623.289
laptop,image_0013.jpg,0.259151,10603.18
laptop,image_0014.jpg,0.380187,10475.754
laptop,image_0015.jpg,0.413601,10616.422
laptop,image_0016.jpg,0.305494,10575.977
laptop,image_0017.jpg,0.0343498,10574.763
laptop,image_0018.jpg,0.0708895,10616.8
laptop,image_0019.jpg,0.146654,10595.253
laptop,image_0020.jpg,0.016531,10580.449
laptop,image_0021.jpg,0.289537,10617.68
laptop,image_0022.jpg,0.232044,10573.934
laptop,image_0023.jpg,0.138105,10583.184
laptop,image_0024.jpg,0.245659,10569.199
laptop,image_0025.jpg,0.151815,10548.925
laptop,image_0026.jpg,0.609807,10658.372
laptop,image_0027.jpg,0.0628507,10558.798
laptop,image_0028.jpg,0.582507,10596.584
laptop,image_0029.jpg,0.361467,10608.691
laptop,image_0030.jpg,0.452687,10581.955
laptop,image_0031.jpg,0.420472,10598.06
laptop,image_0032.jpg,0.48651,10574.524
laptop,image_0033.jpg,0.13746,10550.586
laptop,image_0034.jpg,0.298518,10587.696
laptop,image_0035.jpg,0.519904,10532.67
laptop,image_0036.jpg,0.242832,10549.137
laptop,image_0037.jpg,0.14972,10578.205
laptop,image_0038.jpg,0.0553732,10615.155
laptop,image_0039.jpg,0.0148763,10532.569
laptop,image_0040.jpg,0.0451819,10583.204
laptop,image_0041.jpg,0.229276,10593.483
laptop,image_0042.jpg,0.296785,10555.901
laptop,image_0043.jpg,0.26404,10594.499
laptop,image_0044.jpg,0.103541,10618.81
laptop,image_0045.jpg,0.31409,10571.392
laptop,image_0046.jpg,0.619537,10576.141
laptop,image_0047.jpg,0.339279,10569.359
laptop,image_0048.jpg,0.145648,10558.193
laptop,image_0049.jpg,0.235986,10604.939
laptop,image_0050.jpg,0.240153,10577.883
laptop,image_0051.jpg,0.392913,10554.349
laptop,image_0052.jpg,0.337489,10521.447
laptop,image_0053.jpg,0.311788,10589.678
laptop,image_0054.jpg,0.0754391,10595.475
laptop,image_0055.jpg,0.392986,10540.644
laptop,image_0056.jpg,0.0153925,10487.457
laptop,image_0057.jpg,0.0591711,10570.736
laptop,image_0058.jpg,0.340143,10538.703
laptop,image_0059.jpg,0.0676165,10606.308
laptop,image_0060.jpg,0.426462,10562.188
laptop,image_0061.jpg,0.0290911,10542.603
laptop,image_0062.jpg,0.457344,10595.88
laptop,image_0063.jpg,0.12286,10604.864
laptop,image_0064.jpg,0.193251,10565.0
laptop,image_0065.jpg,0.593888,10579.842
laptop,image_0066.jpg,0.721238,10579.104
laptop,image_0067.jpg,0.253072,10570.058
laptop,image_0068.jpg,0.282616,10587.195
laptop,image_0069.jpg,0.130252,10589.147
laptop,image_0070.jpg,0.0436756,10592.283
laptop,image_0071.jpg,0.52295,10570.699
laptop,image_0072.jpg,0.0880879,10601.876
laptop,image_0073.jpg,0.125264,10554.555
laptop,image_0074.jpg,0.15047,10591.202
laptop,image_0075.jpg,0.127217,10619.188
laptop,image_0076.jpg,0.434005,10552.388
laptop,image_0077.jpg,0.173052,10538.941
laptop,image_0078.jpg,0.204375,10471.972
laptop,image_0079.jpg,0.216573,10546.615
laptop,image_0080.jpg,0.0721167,10602.03
laptop,image_0081.jpg,0.204917,10570.435
leopard,image_0001.jpg,5.09925e-05,10587.026
leopard,image_0002.jpg,0.000217051,10585.943
leopard,image_0003.jpg,0.000126233,10584.452
leopard,image_0004.jpg,9.503e-06,10551.856
leopard,image_0005.jpg,2.17718e-05,10561.732
leopard,image_0006.jpg,0.00110238,10574.458
leopard,image_0007.jpg,0.000242526,10540.031
leopard,image_0008.jpg,0.000215514,10622.863
leopard,image_0009.jpg,0.00118521,10575.002
leopard,image_0010.jpg,1.9264e-05,10581.656
leopard,image_0011.jpg,0.00034834,10577.756
leopard,image_0012.jpg,0.00428525,10600.251
leopard,image_0013.jpg,2.0972e-07,10604.809
leopard,image_0014.jpg,0.0021058,10624.355
leopard,image_0015.jpg,0.000265846,10583.986
leopard,image_0016.jpg,0.0120839,10608.427
leopard,image_0017.jpg,2.3331e-05,10497.7
leopard,image_0018.jpg,6.38049e-06,10614.582
leopard,image_0019.jpg,8.81434e-05,10579.53
leopard,image_0020.jpg,0.000420887,10579.971
leopard,image_0021.jpg,1.71037e-06,10517.326
leopard,image_0022.jpg,0.000222635,10567.634
leopard,image_0023.jpg,0.000292486,10614.789
leopard,image_0024.jpg,0.000562231,10569.399
leopard,image_0025.jpg,0.00184704,10599.421
leopard,image_0026.jpg,0.000188074,10562.07
leopard,image_0027.jpg,0.000301873,10617.72
leopard,image_0028.jpg,2.32499e-05,10556.999
leopard,image_0029.jpg,0.000464494,10604.287
leopard,image_0030.jpg,0.000355205,10606.061
leopard,image_0031.jpg,0.00226988,10525.512
leopard,image_0032.jpg,9.19993e-05,10547.499
leopard,image_0033.jpg,0.00010929,10549.872
leopard,image_0034.jpg,0.000552394,10571.253
leopard,image_0035.jpg,0.00473594,10555.507
leopard,image_0036.jpg,0.000683262,10583.981
leopard,image_0037.jpg,9.71657e-05,10577.14
leopard,image_0038.jpg,0.000605302,10575.872
leopard,image_0039.jpg,0.0283483,10535.947
leopard,image_0040.jpg,0.00109946,11550.33
leopard,image_0041.jpg,0.000438705,11532.04
leopard,image_0042.jpg,0.00749696,11520.464
leopard,image_0043.jpg,0.00386583,11494.426
leopard,image_0044.jpg,0.0062788,11474.73
leopard,image_0045.jpg,0.00939108,11520.921
leopard,image_0046.jpg,0.00137495,11570.025
leopard,image_0047.jpg,0.00146945,11477.587
leopard,image_0048.jpg,0.0012892,11488.171
leopard,image_0049.jpg,0.000999177,11567.454
leopard,image_0050.jpg,0.000808162,11599.194
leopard,image_0051.jpg,0.00101496,11503.167
leopard,image_0052.jpg,0.00142827,11621.036
leopard,image_0053.jpg,0.000460307,11566.959
leopard,image_0054.jpg,0.000623101,11533.62
leopard,image_0055.jpg,0.00083646,11607.218
leopard,image_0056.jpg,0.000326963,11518.864
leopard,image_0057.jpg,0.000312648,11546.273
leopard,image_0058.jpg,0.00218855,11478.017
leopard,image_0059.jpg,0.00049504,11500.792
leopard,image_0060.jpg,0.000205122,11546.373
leopard,image_0061.jpg,0.0100848,10580.157
leopard,image_0062.jpg,0.000120669,10580.9
leopard,image_0063.jpg,0.00133373,10586.448
leopard,image_0064.jpg,0.00049146,10550.526
leopard,image_0065.jpg,0.000571613,10631.48
leopard,image_0066.jpg,0.00186526,10621.141
leopard,image_0067.jpg,0.00162902,10606.122
leopard,image_0068.jpg,0.000726982,10598.637
leopard,image_0069.jpg,0.00193532,10630.569
leopard,image_0070.jpg,0.00123257,10522.632
leopard,image_0071.jpg,0.00174868,10609.731
leopard,image_0072.jpg,0.00114998,10578.62
leopard,image_0073.jpg,0.00041061,10600.251
leopard,image_0074.jpg,0.00180622,10547.855
leopard,image_0075.jpg,0.0012389,10631.697
leopard,image_0076.jpg,0.00521969,10583.248
leopard,image_0077.jpg,0.000566758,10542.209
leopard,image_0078.jpg,0.000170468,10585.334
leopard,image_0079.jpg,0.00345495,10577.014
leopard,image_0080.jpg,0.00146988,10580.168
leopard,image_0081.jpg,0.00111295,10544.44
leopard,image_0082.jpg,0.00137354,10605.084
leopard,image_0083.jpg,0.000368742,10566.065
leopard,image_0084.jpg,0.00116635,10597.463
leopard,image_0085.jpg,0.00128769,10564.402
leopard,image_0086.jpg,0.00176076,10573.725
leopard,image_0087.jpg,0.00270722,10618.416
leopard,image_0088.jpg,0.00215975,10553.847
leopard,image_0089.jpg,0.00473497,10633.513
leopard,image_0090.jpg,0.000122138,10570.621
leopard,image_0091.jpg,0.000939142,10554.602
leopard,image_0092.jpg,0.00361158,10596.543
leopard,image_0093.jpg,0.00106398,10586.658
leopard,image_0094.jpg,0.000662839,10566.389
leopard,image_0095.jpg,0.0013574,10596.296
leopard,image_0096.jpg,0.000491054,10598.06
leopard,image_0097.jpg,0.00733951,10579.109
leopard,image_0098.jpg,0.000202426,10615.29
leopard,image_0099.jpg,0.00241522,10581.501
leopard,image_0100.jpg,0.00304697,10600.485
leopard,image_0101.jpg,0.000188635,10587.982
leopard,image_0102.jpg,0.000362623,10621.645
leopard,image_0103.jpg,0.000483038,10570.877
leopard,image_0104.jpg,1.26698e-05,10634.171
leopard,image_0105.jpg,1.2407e-05,10571.749
leopard,image_0106.jpg,0.000811311,10585.221
leopard,image_0107.jpg,0.000364947,10613.739
leopard,image_0108.jpg,0.000242818,10566.449
leopard,image_0109.jpg,0.000685859,10506.314
leopard,image_0110.jpg,6.40964e-05,10591.039
leopard,image_0111.jpg,0.000474112,10575.937
leopard,image_0112.jpg,0.00365806,10558.012
leopard,image_0113.jpg,2.07029e-08,10583.073
leopard,image_0114.jpg,0.000877629,10573.024
leopard,image_0115.jpg,0.000316084,10610.418
leopard,image_0116.jpg,0.008482,10601.336
leopard,image_0117.jpg,2.63429e-05,10616.994
leopard,image_0118.jpg,3.45609e-06,10587.693
leopard,image_0119.jpg,0.00016133,10624.331
leopard,image_0120.jpg,0.000266856,10583.792
leopard,image_0121.jpg,2.65571e-06,10619.328
leopard,image_0122.jpg,0.00023814,10596.548
leopard,image_0123.jpg,0.000293553,10581.856
leopard,image_0124.jpg,0.000252218,10566.405
leopard,image_0125.jpg,0.00234282,10534.684
leopard,image_0126.jpg,0.00128388,10525.914
leopard,image_0127.jpg,0.000228484,10590.968
leopard,image_0128.jpg,4.67898e-05,10561.258
leopard,image_0129.jpg,0.000321611,10614.904
leopard,image_0130.jpg,0.000513657,10546.273
leopard,image_0131.jpg,0.00163052,10576.817
leopard,image_0132.jpg,4.51767e-05,10617.402
leopard,image_0133.jpg,0.000171738,10558.666
leopard,image_0134.jpg,0.000215712,10601.805
leopard,image_0135.jpg,0.00260936,10604.478
leopard,image_0136.jpg,0.00128491,10638.925
leopard,image_0137.jpg,9.86253e-05,10605.139
leopard,image_0138.jpg,0.000362204,10574.404
leopard,image_0139.jpg,0.0285182,10635.607
leopard,image_0140.jpg,0.000511363,10600.105
leopard,image_0141.jpg,0.000379089,10553.097
leopard,image_0142.jpg,0.0100375,10596.442
leopard,image_0143.jpg,0.004324,10557.343
leopard,image_0144.jpg,0.00475882,10550.003
leopard,image_0145.jpg,0.00663114,10593.101
leopard,image_0146.jpg,0.00215077,10604.902
leopard,image_0147.jpg,0.000751208,10567.066
leopard,image_0148.jpg,0.000814467,10510.52
leopard,image_0149.jpg,0.0013833,10594.738
leopard,image_0150.jpg,0.000785973,10596.928
leopard,image_0151.jpg,0.000734779,10584.213
leopard,image_0152.jpg,0.00232567,10591.664
leopard,image_0153.jpg,0.000519652,10635.371
leopard,image_0154.jpg,0.00054646,10613.761
leopard,image_0155.jpg,0.00102327,10571.821
leopard,image_0156.jpg,0.000373504,10619.622
leopard,image_0157.jpg,0.000599647,10556.265
leopard,image_0158.jpg,0.00402585,10585.152
leopard,image_0159.jpg,0.00107382,10530.396
leopard,image_0160.jpg,0.000258309,10582.504
leopard,image_0161.jpg,0.0152925,10587.867
leopard,image_0162.jpg,0.000187397,10633.234
leopard,image_0163.jpg,0.00281565,10618.49
leopard,image_0164.jpg,0.000579222,10544.496
leopard,image_0165.jpg,0.000424754,10583.625
leopard,image_0166.jpg,0.000932549,10615.388
leopard,image_0167.jpg,0.00119615,10634.798
leopard,image_0168.jpg,0.00149276,10586.401
leopard,image_0169.jpg,0.00151567,10608.019
leopard,image_0170.jpg,0.00110317,10606.442
leopard,image_0171.jpg,0.00168763,10562.019
leopard,image_0172.jpg,0.000924149,10619.769
leopard,image_0173.jpg,0.000124453,10574.959
leopard,image_0174.jpg,0.00119699,10559.58
leopard,image_0175.jpg,0.00138512,10615.676
leopard,image_0176.jpg,0.00265685,10598.737
leopard,image_0177.jpg,0.00135448,10523.915
leopard,image_0178.jpg,0.000526601,10552.89
leopard,image_0179.jpg,0.00301752,10536.032
leopard,image_0180.jpg,0.00162971,10543.455
leopard,image_0181.jpg,0.00197063,10608.555
leopard,image_0182.jpg,0.00170771,10536.617
leopard,image_0183.jpg,0.000680328,10603.628
leopard,image_0184.jpg,0.000890365,10554.951
leopard,image_0185.jpg,0.00105035,10613.734
leopard,image_0186.jpg,0.000928143,10608.501
leopard,image_0187.jpg,0.00282104,10547.989
leopard,image_0188.jpg,0.00199519,10630.404
leopard,image_0189.jpg,0.00395339,10595.718
leopard,image_0190.jpg,0.000288599,10614.385
leopard,image_0191.jpg,0.000900913,10621.515
leopard,image_0192.jpg,0.0029791,10607.075
leopard,image_0193.jpg,0.000975932,10551.876
leopard,image_0194.jpg,0.000912323,10584.005
leopard,image_0195.jpg,0.001689,10617.536
leopard,image_0196.jpg,0.000418785,10578.655
leopard,image_0197.jpg,0.00913786,10651.398
leopard,image_0198.jpg,0.000216868,10602.518
leopard,image_0199.jpg,0.00175123,10572.869
leopard,image_0200.jpg,0.0014328,10639.037
llama,image_0001.jpg,0.961451,10551.949
llama,image_0002.jpg,0.985742,10604.741
llama,image_0003.jpg,0.962568,10606.773
llama,image_0004.jpg,0.968477,10619.738
llama,image_0005.jpg,0.952183,10577.449
llama,image_0006.jpg,0.958361,10536.976
llama,image_0007.jpg,0.949362,10586.158
llama,image_0008.jpg,0.78496,10560.45
llama,image_0009.jpg,0.228222,10565.296
llama,image_0010.jpg,0.961205,10598.858
llama,image_0011.jpg,0.940767,10602.604
llama,image_0012.jpg,0.0941988,10581.987
llama,image_0013.jpg,0.666988,10577.604
llama,image_0014.jpg,0.957465,10581.309
llama,image_0015.jpg,0.000444513,10542.912
llama,image_0016.jpg,0.870329,10553.743
llama,image_0017.jpg,0.37465,10544.458
llama,image_0018.jpg,0.967489,10604.452
llama,image_0019.jpg,0.950617,10628.872
llama,image_0020.jpg,0.820717,10527.62
llama,image_0021.jpg,0.990844,10525.038
llama,image_0022.jpg,0.996049,10576.931
llama,image_0023.jpg,0.854796,10588.216
llama,image_0024.jpg,0.931407,10547.179
llama,image_0025.jpg,0.116593,10573.772
llama,image_0026.jpg,0.976556,10519.304
llama,image_0027.jpg,0.973354,10566.809
llama,image_0028.jpg,0.980476,10572.114
llama,image_0029.jpg,0.985106,10556.993
llama,image_0030.jpg,0.768295,10527.471
llama,image_0031.jpg,0.973534,10613.336
llama,image_0032.jpg,0.942432,10548.241
llama,image_0033.jpg,0.980615,10574.204
llama,image_0034.jpg,0.874811,10518.663
llama,image_0035.jpg,0.957383,10587.502
llama,image_0036.jpg,0.910684,10504.747
llama,image_0037.jpg,0.961346,10564.87
llama,image_0038.jpg,0.856012,10576.227
llama,image_0039.jpg,0.920406,10546.757
llama,image_0040.jpg,0.909237,10580.704
llama,image_0041.jpg,0.88573,10560.421
llama,image_0042.jpg,0.911699,10590.889
llama,image_0043.jpg,0.345135,10603.651
llama,image_0044.jpg,0.980724,10602.142
llama,image_0045.jpg,0.822476,10592.327
llama,image_0046.jpg,0.630797,10561.365
llama,image_0047.jpg,0.941196,10585.773
llama,image_0048.jpg,0.917368,10582.489
llama,image_0049.jpg,0.816627,10572.313
llama,image_0050.jpg,0.986427,10563.622
llama,image_0051.jpg,0.732034,10533.929
llama,image_0052.jpg,0.963942,10598.973
llama,image_0053.jpg,0.733204,10608.899
llama,image_0054.jpg,0.982034,10599.936
llama,image_0055.jpg,0.731077,10584.53
llama,image_0056.jpg,0.976667,10605.306
llama,image_0057.jpg,0.963906,10595.599
llama,image_0058.jpg,0.984903,10555.638
llama,image_0059.jpg,0.132826,10587.88
llama,image_0060.jpg,0.986195,10570.043
llama,image_0061.jpg,0.947562,10569.585
llama,image_0062.jpg,0.967584,10558.419
llama,image_0063.jpg,0.908547,10650.274
llama,image_0064.jpg,0.974813,10607.738
llama,image_0065.jpg,0.794177,10591.362
llama,image_0066.jpg,0.898454,10539.967
llama,image_0067.jpg,0.000561477,10584.329
llama,image_0068.jpg,0.980468,10579.737
llama,image_0069.jpg,0.837272,10531.39
llama,image_0070.jpg,0.967794,10579.057
llama,image_0071.jpg,0.953431,10608.537
llama,image_0072.jpg,0.95435,10561.871
llama,image_0073.jpg,0.810684,10593.683
llama,image_0074.jpg,0.955162,10586.034
llama,image_0075.jpg,0.922852,10577.971
llama,image_0076.jpg,0.754927,10545.785
llama,image_0077.jpg,0.995747,10591.006
llama,image_0078.jpg,0.961078,10585.975
pizza,image_0001.jpg,0.746951,10589.379
pizza,image_0002.jpg,0.60866,10577.868
pizza,image_0003.jpg,0.00312258,10621.127
pizza,image_0004.jpg,0.924818,10531.581
pizza,image_0005.jpg,0.20428,10537.402
pizza,image_0006.jpg,0.000257736,10553.645
pizza,image_0007.jpg,0.217999,10590.567
pizza,image_0008.jpg,0.815755,10548.787
pizza,image_0009.jpg,0.652093,10615.789
pizza,image_0010.jpg,0.132732,10529.336
pizza,image_0011.jpg,0.0261141,10560.639
pizza,image_0012.jpg,0.0057387,10584.847
pizza,image_0013.jpg,0.324148,10578.995
pizza,image_0014.jpg,0.4876,10577.024
pizza,image_0015.jpg,0.888927,10560.988
pizza,image_0016.jpg,0.0789814,10586.508
pizza,image_0017.jpg,0.00407733,10569.893
pizza,image_0018.jpg,0.430995,10572.155
pizza,image_0019.jpg,0.00594453,10564.659
pizza,image_0020.jpg,0.83243,10568.045
pizza,image_0021.jpg,0.0436114,10576.13
pizza,image_0022.jpg,0.440702,10581.978
pizza,image_0023.jpg,0.465973,10599.602
pizza,image_0024.jpg,0.965521,10565.062
pizza,image_0025.jpg,0.603733,10568.959
pizza,image_0026.jpg,0.00404128,10616.16
pizza,image_0027.jpg,0.0640429,10524.003
pizza,image_0028.jpg,0.45269,10609.63
pizza,image_0029.jpg,0.0159199,10590.747
pizza,image_0030.jpg,0.79747,10597.718
pizza,image_0031.jpg,0.0414761,10517.685
pizza,image_0032.jpg,0.768962,10551.663
pizza,image_0033.jpg,0.000932651,10563.853
pizza,image_0034.jpg,0.68155,10493.761
pizza,image_0035.jpg,0.671029,10554.384
pizza,image_0036.jpg,0.87838,10586.544
pizza,image_0037.jpg,0.499974,10533.116
pizza,image_0038.jpg,0.544739,10582.477
pizza,image_0039.jpg,0.208097,10530.694
pizza,image_0040.jpg,0.756817,10569.832
pizza,image_0041.jpg,0.628391,10571.499
pizza,image_0042.jpg,0.630805,10588.975
pizza,image_0043.jpg,0.0920296,10601.026
pizza,image_0044.jpg,0.187298,10585.949
pizza,image_0045.jpg,0.942144,10570.299
pizza,image_0046.jpg,0.89065,10556.785
pizza,image_0047.jpg,0.00132874,10776.367
pizza,image_0048.jpg,0.0133929,11422.602
pizza,image_0049.jpg,0.707152,11548.184
pizza,image_0050.jpg,0.13052,11529.94
pizza,image_0051.jpg,0.00643649,11572.106
pizza,image_0052.jpg,0.00950972,11569.624
pizza,image_0053.jpg,0.966752,11480.926
platypus,image_0001.jpg,0.998136,11508.079
platypus,image_0002.jpg,0.996469,11552.559
platypus,image_0003.jpg,0.00100011,11545.656
platypus,image_0004.jpg,0.999951,11560.678
platypus,image_0005.jpg,0.941039,11516.885
platypus,image_0006.jpg,0.998539,11523.292
platypus,image_0007.jpg,0.993459,11419.692
platypus,image_0008.jpg,0.999923,11522.338
platypus,image_0009.jpg,0.97339,11534.248
platypus,image_0010.jpg,0.00399143,10537.194
platypus,image_0011.jpg,0.999369,10578.594
platypus,image_0012.jpg,0.104058,10567.742
platypus,image_0013.jpg,0.999117,10558.155
platypus,image_0014.jpg,0.0735869,10575.598
platypus,image_0015.jpg,0.997229,10565.231
platypus,image_0016.jpg,0.935827,10586.535
platypus,image_0017.jpg,0.993664,10551.299
platypus,image_0018.jpg,0.990057,10552.018
platypus,image_0019.jpg,0.99133,10609.815
platypus,image_0020.jpg,0.0881916,10574.38
platypus,image_0021.jpg,0.779443,10629.347
platypus,image_0022.jpg,0.997364,10560.81
platypus,image_0023.jpg,0.559538,10571.044
platypus,image_0024.jpg,0.997989,10577.955
platypus,image_0025.jpg,0.99507,10619.062
platypus,image_0026.jpg,0.831284,10577.764
platypus,image_0027.jpg,0.999703,10552.78
platypus,image_0028.jpg,0.954963,10571.551
platypus,image_0029.jpg,0.307274,10570.486
platypus,image_0030.jpg,0.999394,10499.002
platypus,image_0031.jpg,0.999822,10591.145
platypus,image_0032.jpg,0.699847,10578.016
platypus,image_0033.jpg,0.42896,10612.423
platypus,image_0034.jpg,0.992239,10586.056
revolver,image_0001.jpg,0.99058,10548.678
revolver,image_0002.jpg,0.98172,10584.197
revolver,image_0003.jpg,0.950178,10538.114
revolver,image_0004.jpg,0.0701709,10612.22
revolver,image_0005.jpg,0.83772,10581.531
revolver,image_0006.jpg,0.89641,10647.352
revolver,image_0007.jpg,0.991869,10590.921
revolver,image_0008.jpg,0.771744,10590.094
revolver,image_0009.jpg,0.658981,10599.313
revolver,image_0010.jpg,0.814142,10550.718
revolver,image_0011.jpg,0.0937136,10579.334
revolver,image_0012.jpg,0.98579,10562.281
revolver,image_0013.jpg,0.965634,10581.127
revolver,image_0014.jpg,0.971836,10574.255
revolver,image_0015.jpg,0.988266,10591.509
revolver,image_0016.jpg,0.0648521,10594.24
revolver,image_0017.jpg,0.98476,10563.892
revolver,image_0018.jpg,0.96724,10512.035
revolver,image_0019.jpg,0.97057,10560.944
revolver,image_0020.jpg,0.73078,10566.831
revolver,image_0021.jpg,0.930579,10625.806
revolver,image_0022.jpg,0.969051,10611.358
revolver,image_0023.jpg,0.965037,10568.584
revolver,image_0024.jpg,0.809476,10563.507
revolver,image_0025.jpg,0.9916,10585.279
revolver,image_0026.jpg,0.919196,10585.981
revolver,image_0027.jpg,0.993863,10580.238
revolver,image_0028.jpg,0.000237726,10594.439
revolver,image_0029.jpg,0.937018,10576.961
revolver,image_0030.jpg,0.988178,10614.354
revolver,image_0031.jpg,0.916017,10564.735
revolver,image_0032.jpg,0.924077,10543.019
revolver,image_0033.jpg,0.94357,10582.819
revolver,image_0034.jpg,0.952331,10611.743
revolver,image_0035.jpg,0.985896,10548.678
revolver,image_0036.jpg,0.984792,10540.395
revolver,image_0037.jpg,0.986691,10588.878
revolver,image_0038.jpg,0.889733,10575.957
revolver,image_0039.jpg,0.960816,10592.369
revolver,image_0040.jpg,0.879823,10584.09
revolver,image_0041.jpg,0.00246655,10577.718
revolver,image_0042.jpg,0.898312,10557.319
revolver,image_0043.jpg,0.98402,10576.561
revolver,image_0044.jpg,0.960818,10564.151
revolver,image_0045.jpg,0.953988,10604.697
revolver,image_0046.jpg,0.981561,10569.344
revolver,image_0047.jpg,0.994406,10612.685
revolver,image_0048.jpg,0.981215,10578.872
revolver,image_0049.jpg,0.961216,10581.133
revolver,image_0050.jpg,0.956029,10583.029
revolver,image_0051.jpg,0.9604,10591.128
revolver,image_0052.jpg,0.768077,10595.98
revolver,image_0053.jpg,0.968931,10623.661
revolver,image_0054.jpg,0.965668,10570.606
revolver,image_0055.jpg,0.996889,10579.53
revolver,image_0056.jpg,0.892609,10589.744
revolver,image_0057.jpg,0.957604,10591.173
revolver,image_0058.jpg,0.993747,10570.441
revolver,image_0059.jpg,0.986778,10623.59
revolver,image_0060.jpg,0.982478,10552.211
revolver,image_0061.jpg,0.988797,10581.55
revolver,image_0062.jpg,0.966081,10550.116
revolver,image_0063.jpg,0.983263,10582.526
revolver,image_0064.jpg,0.927174,10552.322
revolver,image_0065.jpg,0.96776,10515.206
revolver,image_0066.jpg,0.990327,10596.811
revolver,image_0067.jpg,0.399141,10563.869
revolver,image_0068.jpg,0.984623,10603.704
revolver,image_0069.jpg,0.971046,10498.594
revolver,image_0070.jpg,0.944404,10614.435
revolver,image_0071.jpg,0.989135,10575.745
revolver,image_0072.jpg,0.961476,10566.574
revolver,image_0073.jpg,0.966754,10567.833
revolver,image_0074.jpg,0.959426,10582.996
revolver,image_0075.jpg,0.731688,10584.735
revolver,image_0076.jpg,0.939263,10560.758
revolver,image_0077.jpg,0.993633,10539.546
revolver,image_0078.jpg,0.875055,10548.347
revolver,image_0079.jpg,0.892358,10602.86
revolver,image_0080.jpg,0.974711,10587.397
revolver,image_0081.jpg,0.991671,10526.429
revolver,image_0082.jpg,0.957592,10549.839
sax,image_0001.jpg,0.993166,10569.731
sax,image_0002.jpg,0.372241,10569.626
sax,image_0003.jpg,0.964402,10617.471
sax,image_0004.jpg,0.00162264,10599.004
sax,image_0005.jpg,0.915319,10615.951
sax,image_0006.jpg,0.827644,10645.398
sax,image_0007.jpg,0.988242,10629.245
sax,image_0008.jpg,0.959747,10590.723
sax,image_0009.jpg,0.958451,10592.511
sax,image_0010.jpg,0.864719,10557.175
sax,image_0011.jpg,0.601545,10573.635
sax,image_0012.jpg,0.921477,10589.866
sax,image_0013.jpg,0.903318,10579.585
sax,image_0014.jpg,0.976873,10617.911
sax,image_0015.jpg,0.949882,10606.561
sax,image_0016.jpg,0.940878,10545.876
sax,image_0017.jpg,0.914469,10524.969
sax,image_0018.jpg,0.71901,10608.937
sax,image_0019.jpg,0.862417,10555.636
sax,image_0020.jpg,0.788846,10594.828
sax,image_0021.jpg,0.981699,10563.186
sax,image_0022.jpg,0.932558,10554.216
sax,image_0023.jpg,0.847524,10586.907
sax,image_0024.jpg,0.947807,10613.749
sax,image_0025.jpg,0.377609,10533.572
sax,image_0026.jpg,0.759728,10625.341
sax,image_0027.jpg,0.772037,10554.148
sax,image_0028.jpg,0.895298,10607.436
sax,image_0029.jpg,0.870924,10619.847
sax,image_0030.jpg,0.529749,10558.149
sax,image_0031.jpg,0.901797,10566.465
sax,image_0032.jpg,0.877985,10540.427
sax,image_0033.jpg,0.0270571,10567.02
sax,image_0034.jpg,0.965167,10588.713
sax,image_0035.jpg,0.750193,10635.06
sax,image_0036.jpg,0.0927688,10602.216
sax,image_0037.jpg,0.740578,10548.474
sax,image_0038.jpg,0.889642,10583.498
sax,image_0039.jpg,0.941311,10542.685
sax,image_0040.jpg,0.915106,10617.152
schooner,image_0001.jpg,0.933071,10616.302
schooner,image_0002.jpg,0.560685,10598.978
schooner,image_0003.jpg,0.862684,10626.859
schooner,image_0004.jpg,0.938425,10592.118
schooner,image_0005.jpg,0.914034,10579.759
schooner,image_0006.jpg,0.966451,10569.152
schooner,image_0007.jpg,0.909938,10492.343
schooner,image_0008.jpg,0.823851,10625.444
schooner,image_0009.jpg,0.769245,10594.543
schooner,image_0010.jpg,0.856654,10625.345
schooner,image_0011.jpg,0.938118,10579.41
schooner,image_0012.jpg,0.971704,10589.255
schooner,image_0013.jpg,0.922993,10605.988
schooner,image_0014.jpg,0.871088,10609.159
schooner,image_0015.jpg,0.127641,10609.947
schooner,image_0016.jpg,0.908629,10579.994
schooner,image_0017.jpg,0.753183,10549.593
schooner,image_0018.jpg,0.940463,10568.959
schooner,image_0019.jpg,0.893888,10558.121
schooner,image_0020.jpg,0.976919,10581.581
schooner,image_0021.jpg,0.924565,10603.213
schooner,image_0022.jpg,0.872354,10617.901
schooner,image_0023.jpg,0.902986,10608.09
schooner,image_0024.jpg,0.972411,10593.237
schooner,image_0025.jpg,0.926631,10581.709
schooner,image_0026.jpg,0.359854,10545.252
schooner,image_0027.jpg,0.746296,10577.29
schooner,image_0028.jpg,0.934923,10583.711
schooner,image_0029.jpg,0.933405,10575.335
schooner,image_0030.jpg,0.824131,10585.765
schooner,image_0031.jpg,0.865996,10543.018
schooner,image_0032.jpg,0.313329,10571.279
schooner,image_0033.jpg,0.430972,10584.789
schooner,image_0034.jpg,0.919157,10546.065
schooner,image_0035.jpg,0.0717133,10608.692
schooner,image_0036.jpg,0.98107,10609.583
schooner,image_0037.jpg,0.847254,10611.793
schooner,image_0038.jpg,0.905148,10570.964
schooner,image_0039.jpg,0.956871,10582.332
schooner,image_0040.jpg,0.968799,10581.97
schooner,image_0041.jpg,0.954939,10577.606
schooner,image_0042.jpg,0.928687,10605.31
schooner,image_0043.jpg,0.949433,10527.098
schooner,image_0044.jpg,0.953982,10608.144
schooner,image_0045.jpg,0.951888,10605.962
schooner,image_0046.jpg,0.15382,10583.313
schooner,image_0047.jpg,0.878197,10611.821
schooner,image_0048.jpg,0.943277,10610.525
schooner,image_0049.jpg,0.952321,10579.05
schooner,image_0050.jpg,0.904202,10568.277
schooner,image_0051.jpg,0.935425,10508.698
schooner,image_0052.jpg,0.877957,10608.499
schooner,image_0053.jpg,0.96212,10589.261
schooner,image_0054.jpg,0.939981,10588.63
schooner,image_0055.jpg,0.944836,10591.135
schooner,image_0056.jpg,0.976627,10576.573
schooner,image_0057.jpg,0.866724,10637.01
schooner,image_0058.jpg,0.935191,10618.534
schooner,image_0059.jpg,0.476686,10532.85
schooner,image_0060.jpg,0.783824,10586.714
schooner,image_0061.jpg,0.585205,10613.442
schooner,image_0062.jpg,0.952137,10601.957
schooner,image_0063.jpg,0.773952,10572.168
scorpion,image_0001.jpg,0.95468,10556.288
scorpion,image_0002.jpg,0.89431,10599.339
scorpion,image_0003.jpg,0.889625,10555.118
scorpion,image_0004.jpg,0.971815,10567.315
scorpion,image_0005.jpg,0.988908,10549.202
scorpion,image_0006.jpg,0.975149,10516.257
scorpion,image_0007.jpg,0.498004,10532.937
scorpion,image_0008.jpg,0.472746,10606.492
scorpion,image_0009.jpg,0.978987,10586.551
scorpion,image_0010.jpg,0.976847,10573.035
scorpion,image_0011.jpg,0.961757,10575.459
scorpion,image_0012.jpg,0.966847,10549.96
scorpion,image_0013.jpg,0.879909,10573.674
scorpion,image_0014.jpg,0.951047,10618.995
scorpion,image_0015.jpg,0.974921,10580.104
scorpion,image_0016.jpg,0.434412,10560.421
scorpion,image_0017.jpg,0.962746,10616.019
scorpion,image_0018.jpg,0.951523,10601.56
scorpion,image_0019.jpg,0.97368,10561.091
scorpion,image_0020.jpg,0.968833,10565.672
scorpion,image_0021.jpg,0.990472,10587.26
scorpion,image_0022.jpg,0.96381,10605.971
scorpion,image_0023.jpg,0.972513,10611.657
scorpion,image_0024.jpg,0.89533,10575.694
scorpion,image_0025.jpg,0.864095,10616.061
scorpion,image_0026.jpg,0.965435,10518.656
scorpion,image_0027.jpg,0.482796,10581.08
scorpion,image_0028.jpg,0.957435,10489.765
scorpion,image_0029.jpg,0.961162,10525.493
scorpion,image_0030.jpg,0.952985,10524.107
scorpion,image_0031.jpg,0.957064,10545.127
scorpion,image_0032.jpg,0.00993608,10553.47
scorpion,image_0033.jpg,0.650417,10622.899
scorpion,image_0034.jpg,0.972564,10565.805
scorpion,image_0035.jpg,0.97945,10561.008
scorpion,image_0036.jpg,0.950825,10588.924
scorpion,image_0037.jpg,0.833564,10549.36
scorpion,image_0038.jpg,0.00799162,10595.976
scorpion,image_0039.jpg,0.968409,10563.043
scorpion,image_0040.jpg,0.135133,10614.559
scorpion,image_0041.jpg,0.971552,10545.131
scorpion,image_0042.jpg,0.250873,10537.375
scorpion,image_0043.jpg,0.973001,10564.562
scorpion,image_0044.jpg,0.769282,10579.054
scorpion,image_0045.jpg,0.646413,10572.577
scorpion,image_0046.jpg,0.84658,10572.437
scorpion,image_0047.jpg,0.94888,10566.313
scorpion,image_0048.jpg,0.636594,10593.903
scorpion,image_0049.jpg,0.943763,10591.655
scorpion,image_0050.jpg,0.0499632,10549.2
scorpion,image_0051.jpg,0.958166,10562.456
scorpion,image_0052.jpg,0.758483,10568.774
scorpion,image_0053.jpg,0.97588,10598.35
scorpion,image_0054.jpg,0.961672,10573.166
scorpion,image_0055.jpg,0.971118,10579.694
scorpion,image_0056.jpg,0.957729,10550.192
scorpion,image_0057.jpg,0.911378,10586.938
scorpion,image_0058.jpg,0.978146,10595.135
scorpion,image_0059.jpg,0.987263,10581.83
scorpion,image_0060.jpg,0.96032,10603.123
scorpion,image_0061.jpg,0.962637,10610.144
scorpion,image_0062.jpg,0.976098,10558.16
scorpion,image_0063.jpg,0.938888,10569.24
scorpion,image_0064.jpg,0.950894,10599.765
scorpion,image_0065.jpg,0.961322,10621.359
scorpion,image_0066.jpg,0.829357,10617.291
scorpion,image_0067.jpg,0.960074,10532.297
scorpion,image_0068.jpg,0.972202,10592.484
scorpion,image_0069.jpg,0.95208,10597.805
scorpion,image_0070.jpg,0.967933,10581.048
scorpion,image_0071.jpg,0.974311,10549.577
scorpion,image_0072.jpg,0.959659,10575.855
scorpion,image_0073.jpg,0.958362,10608.336
scorpion,image_0074.jpg,0.910531,10577.786
scorpion,image_0075.jpg,0.70697,10582.661
scorpion,image_0076.jpg,0.991465,10617.924
scorpion,image_0077.jpg,0.978113,10536.642
scorpion,image_0078.jpg,0.976532,10555.989
scorpion,image_0079.jpg,0.971478,10541.805
scorpion,image_0080.jpg,0.565847,10564.151
scorpion,image_0081.jpg,0.97246,10596.929
scorpion,image_0082.jpg,0.969028,10580.624
scorpion,image_0083.jpg,0.0472204,10569.607
scorpion,image_0084.jpg,0.965359,10555.696
strawberry,image_0001.jpg,0.958588,10559.355
strawberry,image_0002.jpg,0.980168,10552.91
strawberry,image_0003.jpg,0.765622,10599.782
strawberry,image_0004.jpg,0.991037,10567.096
strawberry,image_0005.jpg,0.258236,10601.138
strawberry,image_0006.jpg,0.96187,10550.47
strawberry,image_0007.jpg,0.991022,10632.057
strawberry,image_0008.jpg,0.964366,10571.347
strawberry,image_0009.jpg,0.986985,10617.762
strawberry,image_0010.jpg,0.989258,10580.613
strawberry,image_0011.jpg,0.636452,10570.232
strawberry,image_0012.jpg,0.996565,10603.077
strawberry,image_0013.jpg,0.994464,10563.337
strawberry,image_0014.jpg,0.957348,10573.847
strawberry,image_0015.jpg,0.981496,10557.531
strawberry,image_0016.jpg,0.950319,10575.47
strawberry,image_0017.jpg,0.983533,10573.393
strawberry,image_0018.jpg,0.642058,10614.383
strawberry,image_0019.jpg,0.249507,10567.677
strawberry,image_0020.jpg,0.986042,10557.739
strawberry,image_0021.jpg,0.981242,10587.87
strawberry,image_0022.jpg,0.950975,10575.284
strawberry,image_0023.jpg,0.930095,10579.587
strawberry,image_0024.jpg,0.985423,10582.387
strawberry,image_0025.jpg,0.491144,10580.592
strawberry,image_0026.jpg,0.788602,10589.57
strawberry,image_0027.jpg,0.907189,10550.19
strawberry,image_0028.jpg,0.240781,10581.595
strawberry,image_0029.jpg,0.199311,10574.542
strawberry,image_0030.jpg,0.291716,10541.814
strawberry,image_0031.jpg,0.00608797,10604.105
strawberry,image_0032.jpg,0.960795,10555.288
strawberry,image_0033.jpg,0.983764,10548.133
strawberry,image_0034.jpg,0.0699402,10624.206
strawberry,image_0035.jpg,0.984623,10596.304
tick,image_0001.jpg,2.51451e-06,10544.539
tick,image_0002.jpg,2.42002e-05,10625.866
tick,image_0003.jpg,1.27476e-05,10592.73
tick,image_0004.jpg,3.09292e-05,10583.169
tick,image_0005.jpg,8.87313e-06,10589.861
tick,image_0006.jpg,1.56861e-05,10604.575
tick,image_0007.jpg,1.96744e-05,10583.829
tick,image_0008.jpg,1.42237e-05,10558.461
tick,image_0009.jpg,2.21037e-05,10571.218
tick,image_0010.jpg,4.58671e-06,10577.555
tick,image_0011.jpg,5.48957e-05,10599.465
tick,image_0012.jpg,4.58641e-05,10574.912
tick,image_0013.jpg,1.10544e-06,10612.613
tick,image_0014.jpg,1.05316e-05,10587.3
tick,image_0015.jpg,4.90572e-05,10635.535
tick,image_0016.jpg,5.37086e-05,10582.311
tick,image_0017.jpg,1.25413e-05,10600.341
tick,image_0018.jpg,1.59601e-05,10555.399
tick,image_0019.jpg,4.10403e-05,10580.02
tick,image_0020.jpg,1.2517e-05,10591.989
tick,image_0021.jpg,6.35722e-06,10520.28
tick,image_0022.jpg,1.66509e-05,10578.654
tick,image_0023.jpg,2.54178e-05,10605.835
tick,image_0024.jpg,1.17446e-05,10581.556
tick,image_0025.jpg,4.92659e-05,10588.882
tick,image_0026.jpg,1.89215e-05,10605.505
tick,image_0027.jpg,1.94774e-05,10586.692
tick,image_0028.jpg,3.77872e-05,10574.277
tick,image_0029.jpg,2.78911e-05,10593.545
tick,image_0030.jpg,1.08278e-05,10594.88
tick,image_0031.jpg,7.24564e-06,10583.138
tick,image_0032.jpg,2.34224e-05,10538.187
tick,image_0033.jpg,4.47229e-05,10551.765
tick,image_0034.jpg,6.30132e-06,10571.921
tick,image_0035.jpg,1.26857e-05,10557.862
tick,image_0036.jpg,2.42054e-05,10578.764
tick,image_0037.jpg,7.47886e-06,10602.315
tick,image_0038.jpg,2.82275e-05,10591.602
tick,image_0039.jpg,4.68679e-05,10573.059
tick,image_0040.jpg,1.74217e-05,10598.191
tick,image_0041.jpg,2.45039e-05,10587.552
tick,image_0042.jpg,5.24044e-05,10568.777
tick,image_0043.jpg,6.16406e-05,10575.473
tick,image_0044.jpg,2.52606e-05,10562.892
tick,image_0045.jpg,1.24116e-05,10595.623
tick,image_0046.jpg,1.77041e-05,10543.611
tick,image_0047.jpg,1.27172e-05,10557.322
tick,image_0048.jpg,8.68118e-06,10614.591
tick,image_0049.jpg,2.19992e-05,10566.735
trilobite,image_0001.jpg,0.957493,10605.426
trilobite,image_0002.jpg,0.947441,10574.906
trilobite,image_0003.jpg,0.930186,10610.649
trilobite,image_0004.jpg,0.468374,10600.394
trilobite,image_0005.jpg,0.935381,10576.761
trilobite,image_0006.jpg,0.00724019,10563.115
trilobite,image_0007.jpg,0.942791,10566.613
trilobite,image_0008.jpg,0.907358,10579.555
trilobite,image_0009.jpg,0.976545,10539.783
trilobite,image_0010.jpg,0.970307,10608.697
trilobite,image_0011.jpg,0.938702,10626.765
trilobite,image_0012.jpg,0.922583,10557.493
trilobite,image_0013.jpg,0.961278,10616.595
trilobite,image_0014.jpg,0.0338172,10548.331
trilobite,image_0015.jpg,0.104047,10562.821
trilobite,image_0016.jpg,0.0154171,10553.364
trilobite,image_0017.jpg,0.909372,10609.371
trilobite,image_0018.jpg,0.893353,10608.851
trilobite,image_0019.jpg,0.931989,10588.528
trilobite,image_0020.jpg,0.757209,10618.164
trilobite,image_0021.jpg,0.919923,10622.032
trilobite,image_0022.jpg,0.928302,10584.841
trilobite,image_0023.jpg,0.955953,10539.203
trilobite,image_0024.jpg,0.904292,10578.249
trilobite,image_0025.jpg,0.918322,10613.132
trilobite,image_0026.jpg,0.933062,10592.117
trilobite,image_0027.jpg,0.980863,10612.762
trilobite,image_0028.jpg,0.92046,10612.117
trilobite,image_0029.jpg,0.787357,10570.162
trilobite,image_0030.jpg,0.889256,10608.008
trilobite,image_0031.jpg,0.903112,10558.454
trilobite,image_0032.jpg,0.902655,10580.315
trilobite,image_0033.jpg,0.775959,10614.642
trilobite,image_0034.jpg,0.917018,10556.798
trilobite,image_0035.jpg,0.980305,10602.885
trilobite,image_0036.jpg,0.990267,10553.953
trilobite,image_0037.jpg,0.966075,10558.231
trilobite,image_0038.jpg,0.559175,10613.816
trilobite,image_0039.jpg,0.985171,10517.758
trilobite,image_0040.jpg,0.935963,10573.252
trilobite,image_0041.jpg,0.908221,10558.448
trilobite,image_0042.jpg,0.0574492,10596.685
trilobite,image_0043.jpg,0.00188041,10622.178
trilobite,image_0044.jpg,0.977064,10599.516
trilobite,image_0045.jpg,0.982923,10580.341
trilobite,image_0046.jpg,0.933181,10531.68
trilobite,image_0047.jpg,0.938945,10575.568
trilobite,image_0048.jpg,0.933365,10597.682
trilobite,image_0049.jpg,0.968283,10552.19
trilobite,image_0050.jpg,0.952798,10607.341
trilobite,image_0051.jpg,0.978445,10520.658
trilobite,image_0052.jpg,0.023083,10545.014
trilobite,image_0053.jpg,0.652074,10576.336
trilobite,image_0054.jpg,0.943848,10633.087
trilobite,image_0055.jpg,0.942226,10557.271
trilobite,image_0056.jpg,0.940174,10605.803
trilobite,image_0057.jpg,0.974097,10594.804
trilobite,image_0058.jpg,0.987628,10609.938
trilobite,image_0059.jpg,0.920077,10551.255
trilobite,image_0060.jpg,0.932344,10596.326
trilobite,image_0061.jpg,0.604209,10539.978
trilobite,image_0062.jpg,0.839132,10578.022
trilobite,image_0063.jpg,0.00464355,10562.563
trilobite,image_0064.jpg,0.894039,10590.217
trilobite,image_0065.jpg,0.966737,10552.321
trilobite,image_0066.jpg,0.945799,10512.829
trilobite,image_0067.jpg,0.921497,10570.92
trilobite,image_0068.jpg,0.944109,10604.485
trilobite,image_0069.jpg,0.950013,10559.612
trilobite,image_0070.jpg,0.969858,10570.655
trilobite,image_0071.jpg,0.924628,10571.736
trilobite,image_0072.jpg,0.306732,10542.132
trilobite,image_0073.jpg,0.926118,10535.773
trilobite,image_0074.jpg,0.920651,10557.876
trilobite,image_0075.jpg,0.928454,10580.405
trilobite,image_0076.jpg,0.942441,10571.684
trilobite,image_0077.jpg,0.953827,10615.688
trilobite,image_0078.jpg,0.538223,10625.583
trilobite,image_0079.jpg,0.925026,10585.67
trilobite,image_0080.jpg,0.953429,10536.91
trilobite,image_0081.jpg,0.950231,10606.33
trilobite,image_0082.jpg,0.907893,10576.874
trilobite,image_0083.jpg,0.952242,10568.746
trilobite,image_0084.jpg,0.948718,10543.209
trilobite,image_0085.jpg,0.965493,10593.923
trilobite,image_0086.jpg,0.963297,10596.159
umbrella,image_0001.jpg,0.931148,10607.744
umbrella,image_0002.jpg,0.94612,10521.135
umbrella,image_0003.jpg,0.316945,10554.187
umbrella,image_0004.jpg,0.80742,10587.586
umbrella,image_0005.jpg,0.0108357,10542.82
umbrella,image_0006.jpg,0.928453,10571.82
umbrella,image_0007.jpg,0.9994,10570.73
umbrella,image_0008.jpg,0.0682574,10584.585
umbrella,image_0009.jpg,0.759014,10609.795
umbrella,image_0010.jpg,0.0320688,10562.214
umbrella,image_0011.jpg,0.986951,10580.5
umbrella,image_0012.jpg,0.852929,10625.751
umbrella,image_0013.jpg,0.74819,10562.671
umbrella,image_0014.jpg,0.0321867,10578.926
umbrella,image_0015.jpg,0.300165,10562.978
umbrella,image_0016.jpg,0.979222,10569.297
umbrella,image_0017.jpg,0.850062,10579.296
umbrella,image_0018.jpg,0.893374,10604.939
umbrella,image_0019.jpg,0.0710772,10590.191
umbrella,image_0020.jpg,0.00571092,10563.279
umbrella,image_0021.jpg,0.0127231,10579.871
umbrella,image_0022.jpg,0.994829,10568.45
umbrella,image_0023.jpg,0.999343,10589.868
umbrella,image_0024.jpg,0.954807,10529.691
umbrella,image_0025.jpg,0.947393,10567.345
umbrella,image_0026.jpg,0.998943,10537.861
umbrella,image_0027.jpg,0.963514,10567.113
umbrella,image_0028.jpg,0.00834111,10554.384
umbrella,image_0029.jpg,0.992486,10593.647
umbrella,image_0030.jpg,0.467851,10612.075
umbrella,image_0031.jpg,0.992569,10561.016
umbrella,image_0032.jpg,0.708432,10584.806
umbrella,image_0033.jpg,0.987223,10603.203
umbrella,image_0034.jpg,0.962167,10489.253
umbrella,image_0035.jpg,0.982214,10555.683
umbrella,image_0036.jpg,0.937855,10563.561
umbrella,image_0037.jpg,0.99567,10604.167
umbrella,image_0038.jpg,0.00993912,10618.866
umbrella,image_0039.jpg,0.990205,10568.955
umbrella,image_0040.jpg,0.99943,10612.193
umbrella,image_0041.jpg,0.965685,10563.878
umbrella,image_0042.jpg,0.998044,10618.258
umbrella,image_0043.jpg,0.976282,10628.551
umbrella,image_0044.jpg,0.996458,10587.801
umbrella,image_0045.jpg,0.988856,10628.396
umbrella,image_0046.jpg,0.00231806,10621.769
umbrella,image_0047.jpg,0.959179,10579.477
umbrella,image_0048.jpg,0.00265627,10605.057
umbrella,image_0049.jpg,0.980194,10566.007
umbrella,image_0050.jpg,0.95825,10550.615
umbrella,image_0051.jpg,0.0972802,10562.884
umbrella,image_0052.jpg,0.999553,10607.201
umbrella,image_0053.jpg,0.986024,10614.05
umbrella,image_0054.jpg,0.916142,10589.374
umbrella,image_0055.jpg,4.53986e-06,10584.261
umbrella,image_0056.jpg,0.772269,10600.617
umbrella,image_0057.jpg,0.994123,10597.978
umbrella,image_0058.jpg,0.914584,10580.921
umbrella,image_0059.jpg,0.104661,10565.09
umbrella,image_0060.jpg,0.909163,10533.5
umbrella,image_0061.jpg,0.957061,10576.611
umbrella,image_0062.jpg,0.0404222,10552.427
umbrella,image_0063.jpg,0.999741,10610.589
umbrella,image_0064.jpg,0.775304,10550.536
umbrella,image_0065.jpg,0.864957,10561.412
umbrella,image_0066.jpg,0.91334,10587.125
umbrella,image_0067.jpg,0.688287,10532.155
umbrella,image_0068.jpg,0.954978,10586.636
umbrella,image_0069.jpg,0.966702,10586.561
umbrella,image_0070.jpg,0.284609,10593.768
umbrella,image_0071.jpg,0.993363,10528.562
umbrella,image_0072.jpg,0.744203,10609.178
umbrella,image_0073.jpg,0.997339,10509.11
umbrella,image_0074.jpg,0.0014467,10597.005
umbrella,image_0075.jpg,0.00574516,10593.297
